id,created_at,implementation,browser_name,browser_version,os_name,os_version,platform,device_type,device_model,logical_cores,ram_gib,wasm_simd,wasm_threads,wasm_bulk_memory,wasm_relaxed_simd,timer_precision_ms,tab_visible,baseline_mips,total_handshake_mean,mlkem_keygen_mean,mlkem_encaps_mean,mlkem_decaps_mean
72b2d839-cec0-4cb8-9b0a-54b967c2c2d5,2026-05-05T17:15:03.95341+00:00,pure-js,Firefox,100.0,macOS,10,MacIntel,desktop,[LAB],6,,true,true,true,false,0.02,true,561.8,9.141,1.946,2.327,3.276
3646d188-3305-415b-98c4-5b1c9a102d42,2026-05-05T17:14:58.413062+00:00,wasm,Firefox,100.0,macOS,10,MacIntel,desktop,[LAB],6,,true,true,true,false,0.02,true,500,0.704,0.105,0.105,0.113
255b208b-9fd0-4d06-b827-b3d7dd3fb30f,2026-05-05T17:11:17.132776+00:00,pure-js,Chrome,95.0.4638.54,macOS,10.14.6,macOS,desktop,[LAB],6,8,true,true,true,false,0.005,true,306.75,3.64,0.76,0.858,1.104
f0d1159e-4c9b-4175-8d0d-6d1fc3f15b42,2026-05-05T17:11:12.702706+00:00,wasm,Chrome,95.0.4638.54,macOS,10.14.6,macOS,desktop,[LAB],6,8,true,true,true,false,0.005,true,280.9,0.788,0.095,0.089,0.116
5fe5a865-6c52-4606-95c8-f1c8ec2e400f,2026-05-05T17:10:48.998853+00:00,pure-js,Google Chrome,100.0.4896.127,macOS,10.14.6,macOS,desktop,[LAB],6,8,true,true,true,false,0.005,true,282.09,3.767,0.808,0.99,1.187
89240254-a374-457c-8601-a8eca218fab8,2026-05-05T17:10:43.572069+00:00,wasm,Google Chrome,100.0.4896.127,macOS,10.14.6,macOS,desktop,[LAB],6,8,true,true,true,false,0.005,true,243.9,0.681,0.092,0.083,0.098
d6c5f6f9-b95c-4fa2-9394-3858feb36b7d,2026-05-05T17:10:20.125958+00:00,pure-js,Google Chrome,104.0.5112.79,macOS,10.14.6,macOS,desktop,[LAB],6,8,true,true,true,false,0.005,true,170.36,3.19,0.712,0.8,0.972
d989330e-44bc-4d84-a849-4f1840893ad8,2026-05-05T17:10:14.99611+00:00,wasm,Google Chrome,104.0.5112.79,macOS,10.14.6,macOS,desktop,[LAB],6,8,true,true,true,false,0.005,true,266.67,0.728,0.093,0.085,0.107
a082b9a2-a5ee-4e07-bb2a-b39a83a8962e,2026-05-05T17:04:02.403134+00:00,pure-js,Safari,unknown,iPadOS,15.5,iPad,tablet,[LAB],4,,false,true,true,false,0.02,true,124.38,3.494,0.784,0.988,1.336
7ea6d938-68cf-48d8-93ae-778b97ef7a8a,2026-05-05T17:03:57.86291+00:00,wasm,Safari,unknown,iPadOS,15.5,iPad,tablet,[LAB],4,,false,true,true,false,0.02,true,235.85,0.453,0.058,0.062,0.075
fdca95c5-7b24-4dac-a6f0-edd3cb7c4159,2026-05-05T17:02:44.122018+00:00,pure-js,Google Chrome,103.0.5060.114,Windows,0.8.1,Windows,desktop,[LAB],4,8,true,true,true,false,0.005,true,227.01,3.355,0.603,0.625,0.746
96c46a46-0af0-4f44-9f84-c1d38fd9a51b,2026-05-05T17:02:39.79181+00:00,wasm,Google Chrome,103.0.5060.114,Windows,0.8.1,Windows,desktop,[LAB],4,8,true,true,true,false,0.005,true,159.24,4.469,0.201,0.107,0.103
d6d8276f-7338-47f2-b1dc-592921225d4c,2026-05-05T17:02:09.122857+00:00,pure-js,Opera,109.0.5414.120,Windows,0.8.1,Windows,desktop,[LAB],4,8,true,true,true,false,0.005,true,303.95,3.346,0.611,0.689,0.794
f2f0190d-c2bc-48ce-a9c8-e275601f5c83,2026-05-05T17:02:04.374177+00:00,wasm,Opera,109.0.5414.120,Windows,0.8.1,Windows,desktop,[LAB],4,8,true,true,true,false,0.005,true,206.4,1.269,0.154,0.169,0.163
c99724e7-56a4-4855-9351-be906ca856a6,2026-05-05T16:59:55.742169+00:00,pure-js,Microsoft Edge,109.0.1518.49,Windows,0.8.1,Windows,desktop,[LAB],4,8,true,true,true,false,0.005,true,211.86,3.106,0.599,0.635,0.751
f262fe83-55af-4cf7-9e66-e8ae58587c97,2026-05-05T16:59:50.92411+00:00,wasm,Microsoft Edge,109.0.1518.49,Windows,0.8.1,Windows,desktop,[LAB],4,8,true,true,true,false,0.005,true,310.08,0.68,0.065,0.066,0.084
13629314-4cfe-4b13-b8ba-afddc2a327bd,2026-05-05T16:58:51.972503+00:00,wasm,Microsoft Edge,109.0.1518.49,Windows,0.8.1,Windows,desktop,[LAB],4,8,true,true,true,false,0.005,true,289.86,0.819,0.08,0.065,0.076
06335c09-76e1-4a49-81bb-7a79d5b86e80,2026-05-05T16:58:47.78443+00:00,pure-js,Microsoft Edge,109.0.1518.49,Windows,0.8.1,Windows,desktop,[LAB],4,8,true,true,true,false,0.005,true,196.66,3.112,0.558,0.598,0.737
dc832ed6-4ec7-4869-b18b-7cee7eb4335f,2026-05-05T16:58:43.290102+00:00,pure-js,Microsoft Edge,109.0.1518.49,Windows,0.8.1,Windows,desktop,[LAB],4,8,true,true,true,false,0.005,true,337.84,2.991,0.542,0.625,0.726
c02aff11-4323-45a3-96d7-98c406d9a80e,2026-05-05T16:58:16.506851+00:00,pure-js,Microsoft Edge,109.0.1518.49,Windows,0.8.1,Windows,desktop,[LAB],4,8,true,true,true,false,0.005,true,282.89,2.967,0.54,0.622,0.745
fb8e9545-0b35-4902-a8a4-97439cf0d693,2026-05-05T16:58:12.204835+00:00,wasm,Microsoft Edge,109.0.1518.49,Windows,0.8.1,Windows,desktop,[LAB],4,8,true,true,true,false,0.005,true,331.67,0.703,0.066,0.066,0.08
3f4a1727-4bf2-4f91-be01-270a89b1ef9f,2026-05-05T16:55:50.623186+00:00,pure-js,Opera,106.0.5249.119,Windows,0.8.1,Windows,desktop,[LAB],4,8,true,true,true,false,0.005,true,260.08,3.335,0.651,0.689,0.831
c1d51d8f-4367-4e06-935f-39de08b94c0f,2026-05-05T16:55:44.704966+00:00,wasm,Opera,106.0.5249.119,Windows,0.8.1,Windows,desktop,[LAB],4,8,true,true,true,false,0.005,true,313.97,1.036,0.147,0.15,0.173
138f79a3-624f-4c03-bf77-4def0979b254,2026-05-05T16:52:56.60872+00:00,pure-js,Google Chrome,106.0.5249.62,Windows,0.8.1,Windows,desktop,[LAB],4,8,true,true,true,false,0.005,true,253.16,3.004,0.581,0.63,0.741
ec06a11b-bdbc-4dd8-9c13-72ef610b749b,2026-05-05T16:52:32.226833+00:00,wasm,Google Chrome,106.0.5249.62,Windows,0.8.1,Windows,desktop,[LAB],4,8,true,true,true,false,0.005,true,317.97,0.855,0.073,0.078,0.077
2f7b48df-97d4-4f69-8667-f40e1ae74143,2026-05-05T16:50:55.198567+00:00,pure-js,Microsoft Edge,116.0.1938.54,macOS,10.13.6,macOS,desktop,[LAB],4,8,true,true,true,false,0.005,true,67.16,11.368,1.641,1.758,2.174
408e7d55-6d90-4a05-bd93-44c8d5bfb8d3,2026-05-05T16:49:55.301383+00:00,wasm,Microsoft Edge,116.0.1938.54,macOS,10.13.6,macOS,desktop,[LAB],4,8,true,true,true,false,0.005,true,42.28,4.284,0.222,0.209,0.342
06afb31e-81df-4be2-8a06-49483769f050,2026-05-05T16:47:09.276151+00:00,pure-js,Opera,101.0.4843.25,macOS,10.13.6,macOS,desktop,[LAB],4,8,true,true,true,false,0.005,true,121.21,9.362,2.09,2.197,2.206
554ed05e-0a7c-4b62-9d05-268d321d3102,2026-05-05T16:46:55.941239+00:00,wasm,Opera,101.0.4843.25,macOS,10.13.6,macOS,desktop,[LAB],4,8,true,true,true,false,0.005,true,136.8,3.716,0.61,0.229,0.288
bb42836a-3d93-4b30-87c7-82722b33c00a,2026-05-05T16:46:18.659019+00:00,pure-js,Opera,102.0.4880.16,macOS,10.13.6,macOS,desktop,[LAB],4,8,true,true,true,false,0.005,true,113.9,18.757,2.973,3.22,4.159
263371f9-06b6-4f3f-982b-9090bc4e701b,2026-05-05T16:45:58.095349+00:00,wasm,Opera,102.0.4880.16,macOS,10.13.6,macOS,desktop,[LAB],4,8,true,true,true,false,0.005,true,108.87,5.889,0.598,0.435,0.366
efd0b1b7-c26e-472c-9ae4-b85d4b69bb24,2026-05-05T16:45:03.509809+00:00,pure-js,Firefox,114.0,macOS,10,MacIntel,desktop,[LAB],4,,true,true,true,false,0.02,true,335.57,58.2,6.386,6.972,16.076
305554da-8d2e-4e0e-a2ba-451c894d5c8b,2026-05-05T16:44:43.677135+00:00,wasm,Firefox,114.0,macOS,10,MacIntel,desktop,[LAB],4,,true,true,true,false,0.02,true,209.21,6.026,0.502,0.307,0.601
58c6036c-00bd-490a-bbcc-5c226b8202b7,2026-05-05T16:41:41.126078+00:00,pure-js,Firefox,115.0,macOS,10,MacIntel,desktop,[LAB],4,,true,true,true,false,0.02,true,359.71,58.654,6.578,6.913,13.931
fbadfd4e-586a-4716-b89d-1133a24ce4ae,2026-05-05T16:41:19.277566+00:00,wasm,Firefox,115.0,macOS,10,MacIntel,desktop,[LAB],4,,true,true,true,false,0.02,true,191.57,5.046,0.276,0.332,0.41
e8003d84-54a9-4ac3-8969-cf607445e25e,2026-05-05T16:38:53.700211+00:00,pure-js,Google Chrome,116.0.5845.96,macOS,10.13.6,macOS,desktop,[LAB],4,8,true,true,true,false,0.005,true,98.28,19.419,2.424,2.627,3.418
2fffd988-bea2-4062-b70b-831cf0ec15f2,2026-05-05T16:38:37.397812+00:00,wasm,Google Chrome,116.0.5845.96,macOS,10.13.6,macOS,desktop,[LAB],4,8,true,true,true,false,0.005,true,99.8,2.658,0.217,0.186,0.419
1b754651-dfbf-495a-8304-58fd3be069ec,2026-05-05T16:36:02.189272+00:00,pure-js,Google Chrome,138.0.7204.50,macOS,11.6.2,macOS,desktop,[LAB],2,8,true,true,true,false,0.005,true,173.46,16.843,1.167,2.044,1.77
64bd3790-d8b5-43cd-93df-9a888032cf0a,2026-05-05T16:35:45.968372+00:00,wasm,Google Chrome,138.0.7204.50,macOS,11.6.2,macOS,desktop,[LAB],2,8,true,true,true,false,0.005,true,164.2,4.745,0.162,0.157,0.17
b5a575a3-33d0-4514-a2cd-585f317dbea2,2026-05-05T16:34:11.852155+00:00,pure-js,Samsung Internet,29.0.1.11,Linux,unknown,Linux,desktop,[LAB],8,8,true,true,true,false,0.005,true,292.4,2.909,0.443,0.57,0.682
17cf1da1-ac1c-4c46-88ba-0c8f0e3a64c4,2026-05-05T16:33:51.39877+00:00,wasm,Samsung Internet,29.0.1.11,Linux,unknown,Linux,desktop,[LAB],8,8,true,true,true,false,0.005,true,423.73,2.028,0.081,0.091,0.089
c50ee7c5-8255-4723-8344-56d9f4ce6093,2026-05-04T13:30:03.919155+00:00,pure-js,Brave,147.0.0.0,macOS,26.3.1,macOS,desktop,,2,8,true,true,true,false,0.005,true,154.2,2.447,0.588,0.673,0.857
56f1ed36-234c-492a-bd00-6ccd4273f383,2026-05-04T13:29:56.728864+00:00,wasm,Brave,147.0.0.0,macOS,26.3.1,macOS,desktop,,2,8,true,true,true,false,0.005,true,183.99,0.521,0.062,0.065,0.075
fa09f249-3f64-423c-8b1d-e23b357435d1,2026-05-03T21:44:44.128394+00:00,wasm,Google Chrome,147.0.7727.111,Android,13.0.0,Android,mobile,NTH-NX9,8,8,true,true,true,false,0.005,false,113.44,1.293,0.137,0.151,0.124
fa69032c-5296-4bb8-87a8-8eb97bb00372,2026-05-03T21:44:44.128354+00:00,pure-js,Google Chrome,147.0.7727.111,Android,13.0.0,Android,mobile,NTH-NX9,8,8,true,true,true,false,0.005,true,289.86,3.718,0.77,0.941,1.089
1fe8af26-2f1b-46a6-bdf4-c183f3affcfb,2026-05-03T16:49:42.0022+00:00,wasm,Android WebView,147.0.7727.111,Android,12.0.0,Android,desktop,SM-T505,8,2,true,false,true,false,0.1,true,88.5,3.774,0.466,0.532,0.542
62e3f8dd-ec06-4923-9298-bdae5ccce561,2026-05-03T14:55:02.321001+00:00,wasm,Firefox,150.0,Windows,10.0,Win32,desktop,,16,,true,true,true,false,0.02,true,537.63,5.57,0.122,0.178,0.136
1bea97cb-ca8e-431a-b1b5-0848bd76f0e2,2026-05-03T14:54:56.665407+00:00,pure-js,Firefox,150.0,Windows,10.0,Win32,desktop,,16,,true,true,true,false,0.02,false,420.17,8.145,0.748,1.142,1.175
a439e098-6227-4a5f-a6c2-50063613d5f8,2026-05-03T14:54:30.598788+00:00,wasm,Firefox,150.0,Windows,10.0,Win32,desktop,,16,,true,true,true,false,0.02,true,649.35,4.088,0.11,0.147,0.12
1b9b2ec6-0453-4289-a6d7-0457c88c608a,2026-05-03T14:54:24.967623+00:00,pure-js,Firefox,150.0,Windows,10.0,Win32,desktop,,16,,true,true,true,false,0.02,true,574.71,6.117,0.731,0.846,1.058
3e715660-fc94-4ccb-a7ce-561b3cd51aae,2026-05-03T14:54:21.428071+00:00,pure-js,Firefox,150.0,Windows,10.0,Win32,desktop,,16,,true,true,true,false,0.02,true,400,5.066,0.72,0.858,1.029
7f550de9-4f21-427b-8f3f-c5aa074ae2db,2026-05-03T14:54:14.290855+00:00,wasm,Firefox,150.0,Windows,10.0,Win32,desktop,,16,,true,true,true,false,0.02,true,595.24,1.667,0.141,0.11,0.091
e40d50cf-a4d0-4f21-843e-2c1a48ca21ae,2026-05-03T11:59:18.490469+00:00,pure-js,Safari,26.4,iOS,18.7,iPhone,mobile,,4,,true,true,true,false,0.02,true,120.48,2.907,0.568,0.714,0.983
c3ecffce-3948-4ce5-b6d0-2841c8cbf89c,2026-05-03T11:59:12.031054+00:00,wasm,Safari,26.4,iOS,18.7,iPhone,mobile,,4,,true,true,true,false,0.02,true,308.64,0.668,0.036,0.038,0.042
31ddc4ac-6ad4-4ed0-8f7c-0c23b04947cd,2026-05-03T10:50:14.843818+00:00,wasm,Safari,15.6.1,macOS,10.15.7,MacIntel,desktop,[LAB],4,,false,true,true,false,0.02,true,342.47,1.172,0.092,0.086,0.093
f05ab91d-b564-4a5b-b5f1-6f06d71b6393,2026-05-03T10:50:07.779509+00:00,pure-js,Safari,15.6.1,macOS,10.15.7,MacIntel,desktop,[LAB],4,,false,true,true,false,0.02,true,384.62,9.91,1.06,1.396,1.693
c4d43971-bbf3-4e7e-8b53-86f65306a0f3,2026-05-03T10:50:00.842144+00:00,wasm,Safari,15.6.1,macOS,10.15.7,MacIntel,desktop,[LAB],4,,false,true,true,false,0.02,true,316.46,1.982,0.108,0.095,0.096
add7aac3-e659-4958-bf13-c4d4ee28b917,2026-05-03T10:48:49.399615+00:00,pure-js,Samsung Internet,29.0.1.11,Android,16.0.0,Android,mobile,[LAB] SM-F966B,8,8,true,true,true,false,0.005,true,303.03,2.658,0.428,0.539,0.668
c7ea057f-a7fa-4446-b4bd-417ea2bdf990,2026-05-03T10:48:44.699377+00:00,wasm,Samsung Internet,29.0.1.11,Android,16.0.0,Android,mobile,[LAB] SM-F966B,8,8,true,true,true,false,0.005,true,205.13,1.522,0.089,0.101,0.118
b2c2a8b1-a6f0-47e3-92c3-ed024064e879,2026-05-03T10:47:22.410429+00:00,pure-js,Microsoft Edge,147.0.3912.60,Windows,19.0.0,Windows,desktop,[LAB],4,8,true,true,true,false,0.005,true,386.85,2.555,0.607,0.661,0.841
5bc059d7-ea2f-4019-91de-6a49e45250e4,2026-05-03T10:47:17.924016+00:00,wasm,Microsoft Edge,147.0.3912.60,Windows,19.0.0,Windows,desktop,[LAB],4,8,true,true,true,false,0.005,true,329.49,0.54,0.063,0.063,0.073
0a9746e8-abf1-4859-9a41-caa1d1b69905,2026-05-03T10:44:32.620069+00:00,pure-js,Microsoft Edge,109.0.1518.49,Windows,0.1.0,Windows,desktop,[LAB],4,8,true,true,true,false,0.005,true,303.49,3.636,0.588,0.597,0.725
58748eea-8077-4e29-8274-304d08d67456,2026-05-03T10:44:27.279599+00:00,wasm,Microsoft Edge,109.0.1518.49,Windows,0.1.0,Windows,desktop,[LAB],4,8,true,true,true,false,0.005,true,168.92,1.189,0.08,0.082,0.097
e0a804b6-5b9f-480d-a5bc-904f6ebdeb62,2026-05-03T10:43:20.619019+00:00,pure-js,Google Chrome,109.0.5414.75,Windows,0.1.0,Windows,desktop,[LAB],4,8,true,true,true,false,0.005,true,307.22,4.801,0.676,0.717,0.816
c7100e67-cc35-4d8f-b098-fdefe848eba8,2026-05-03T10:43:16.128066+00:00,wasm,Google Chrome,109.0.5414.75,Windows,0.1.0,Windows,desktop,[LAB],4,8,true,true,true,false,0.005,true,307.69,1.334,0.081,0.086,0.098
c7e49e0f-62ba-49f0-96aa-f5c555f2ec56,2026-05-03T10:42:05.746975+00:00,pure-js,Google Chrome,138.0.7204.50,macOS,11.6.2,macOS,desktop,[LAB],2,8,true,true,true,false,0.005,true,213.45,21.281,1.895,4.801,4.356
d7b154c3-2b31-4bd5-9284-041d65108902,2026-05-03T10:41:57.630097+00:00,wasm,Google Chrome,138.0.7204.50,macOS,11.6.2,macOS,desktop,[LAB],2,8,true,true,true,false,0.005,true,250.31,5.661,0.142,0.145,0.33
97ac461d-52ba-4d42-8568-da2a33e1d392,2026-05-03T10:41:25.947301+00:00,pure-js,Google Chrome,128.0.6613.85,macOS,10.15.6,macOS,desktop,[LAB],2,8,true,true,true,false,0.005,true,259.4,17.589,1.753,2.795,2.59
f67dd21f-aa13-418a-89d9-3b85cae66278,2026-05-03T10:41:19.525364+00:00,wasm,Google Chrome,128.0.6613.85,macOS,10.15.6,macOS,desktop,[LAB],2,8,true,true,true,false,0.005,true,169.49,2.32,0.183,0.146,0.236
46765a5d-09dc-4345-b88a-1cb86ede8913,2026-05-03T10:38:33.655631+00:00,pure-js,Chrome,87.0.4280.66,macOS,10.10.5,MacIntel,desktop,[LAB],4,4,false,true,true,false,0.005,true,123.38,247.366,1.787,1.744,2.028
19d08d04-9891-43b2-a202-31174dce4964,2026-05-03T10:37:47.629914+00:00,wasm,Chrome,87.0.4280.66,macOS,10.10.5,MacIntel,desktop,[LAB],4,4,false,true,true,false,0.005,true,150.83,395.683,0.363,0.461,0.285
aa5799fa-c407-4ffb-a861-94bf922c633c,2026-05-03T10:34:55.845409+00:00,pure-js,Google Chrome,103.0.5060.114,macOS,10.11.6,macOS,desktop,[LAB],8,8,true,true,true,false,0.005,true,206.19,10.101,1.401,1.435,1.608
44088e77-23f6-49c0-a96b-fe4354875b68,2026-05-03T10:34:49.641856+00:00,wasm,Google Chrome,103.0.5060.114,macOS,10.11.6,macOS,desktop,[LAB],8,8,true,true,true,false,0.005,true,185.7,2.72,0.2,0.234,0.176
62d53edb-9d4a-4b46-a543-f5eb1feddaab,2026-05-03T10:34:27.501678+00:00,pure-js,Microsoft Edge,147.0.3912.98,Windows,19.0.0,Windows,desktop,,4,16,true,true,true,false,0.005,true,116.21,5.158,1.237,1.413,1.673
0f534aef-f316-4ca0-bdab-27cb8cfd9533,2026-05-03T10:34:21.482422+00:00,wasm,Microsoft Edge,147.0.3912.98,Windows,19.0.0,Windows,desktop,,4,16,true,true,true,false,0.005,true,115.07,1.616,0.179,0.208,0.259
894ca30b-7e46-47b7-b62e-c5171d117549,2026-05-03T10:33:30.582861+00:00,pure-js,Google Chrome,103.0.5060.114,macOS,10.12.6,macOS,desktop,[LAB],4,8,true,true,true,false,0.005,true,201.41,6.998,1.43,1.426,1.866
9c0ca5cc-ebf3-495a-b916-defed0d17d68,2026-05-03T10:33:24.548116+00:00,wasm,Google Chrome,103.0.5060.114,macOS,10.12.6,macOS,desktop,[LAB],4,8,true,true,true,false,0.005,true,142.35,4.401,0.231,0.217,0.555
3ecf9b52-5ee4-403b-bad8-99d5fef2495d,2026-05-03T10:30:40.854018+00:00,pure-js,Safari,unknown,iPadOS,17.2,iPad,tablet,[LAB],8,,true,true,true,false,0.02,true,130.21,3.523,0.783,0.985,1.345
48009736-9621-47d9-8f00-2c316a462aae,2026-05-03T10:30:35.81907+00:00,wasm,Safari,unknown,iPadOS,17.2,iPad,tablet,[LAB],8,,true,true,true,false,0.02,true,230.41,0.455,0.057,0.058,0.071
419b5234-c480-423d-96d1-bb10a71243d5,2026-05-03T10:26:50.324861+00:00,pure-js,Safari,unknown,iPadOS,15.5,iPad,tablet,[LAB],4,,false,true,true,false,0.02,true,231.48,3.624,0.816,1.026,1.378
597d5d3e-145a-4aac-9886-7fe891dfdb4a,2026-05-03T10:26:45.423185+00:00,wasm,Safari,unknown,iPadOS,15.5,iPad,tablet,[LAB],4,,false,true,true,false,0.02,true,234.74,0.458,0.056,0.066,0.074
b17a2e59-ecb3-43ad-a736-299350abcf7f,2026-05-03T10:19:52.649284+00:00,pure-js,Samsung Internet,29.0.1.11,Android,12.0.0,Android,mobile,[LAB] SM-S908E,8,8,true,true,true,false,0.005,true,111.48,6.571,0.783,1.215,1.341
5a6ad6ef-9f1a-48e6-88d9-c95959d33172,2026-05-03T10:19:47.081573+00:00,wasm,Samsung Internet,29.0.1.11,Android,12.0.0,Android,mobile,[LAB] SM-S908E,8,8,true,true,true,false,0.005,true,47.43,1.744,0.092,0.093,0.102
22b72e6e-08e1-4130-bec6-ddeb05519223,2026-05-03T10:19:00.021607+00:00,pure-js,Samsung Internet,29.0.1.11,Linux,unknown,Linux,desktop,[LAB],8,8,true,true,true,false,0.005,true,208.12,2.937,0.447,0.568,0.684
ca24a7d3-a752-46db-b2d9-6abc2feece73,2026-05-03T10:18:55.812452+00:00,wasm,Samsung Internet,29.0.1.11,Linux,unknown,Linux,desktop,[LAB],8,8,true,true,true,false,0.005,true,189.21,1.376,0.063,0.067,0.071
c20a9299-21af-4c9b-bbc8-c7105b6b4194,2026-05-03T10:18:25.300143+00:00,pure-js,Samsung Internet,29.0.1.11,Linux,unknown,Linux,desktop,[LAB],8,8,true,true,true,false,0.005,true,326.8,6.904,0.798,1.03,1.213
94ebf397-caf1-463f-be32-89c7ffec5a55,2026-05-03T10:18:19.963679+00:00,wasm,Samsung Internet,29.0.1.11,Linux,unknown,Linux,desktop,[LAB],8,8,true,true,true,false,0.005,true,429.18,2.012,0.078,0.082,0.082
53d5a81b-a098-4b2a-b98a-b5a415ba5b1e,2026-05-03T10:13:40.830766+00:00,pure-js,Safari,unknown,iPadOS,15.5,iPad,tablet,[LAB],4,,false,true,true,false,0.02,true,116.82,3.426,0.808,0.986,1.318
84262970-fbd7-4378-8a04-aaef5fdad5d9,2026-05-03T10:13:36.478603+00:00,wasm,Safari,unknown,iPadOS,15.5,iPad,tablet,[LAB],4,,false,true,true,false,0.02,true,211.86,0.492,0.06,0.063,0.076
5415f81c-5353-44db-8d3e-6879be56b2b4,2026-05-03T10:13:07.903849+00:00,pure-js,Safari,unknown,iPadOS,26.0,iPad,tablet,[LAB],8,,true,true,true,false,0.02,true,132.98,3.47,0.682,0.848,1.173
fd889c06-8a3d-437c-9223-b018bc4ef10b,2026-05-03T10:13:03.33015+00:00,wasm,Safari,unknown,iPadOS,26.0,iPad,tablet,[LAB],8,,true,true,true,false,0.02,true,359.71,0.835,0.044,0.044,0.051
b8bb9389-ad25-4c69-ae95-642da502f1fd,2026-05-03T10:12:06.915074+00:00,pure-js,Safari,unknown,iPadOS,17.2,iPad,tablet,[LAB],8,,true,true,true,false,0.02,true,141.64,3.526,0.794,0.997,1.366
e2aea848-d38e-41e8-91fb-337aced97305,2026-05-03T10:12:02.219618+00:00,wasm,Safari,unknown,iPadOS,17.2,iPad,tablet,[LAB],8,,true,true,true,false,0.02,true,306.75,0.362,0.058,0.067,0.078
40f56725-13cf-4945-8b5a-61fed6dec94c,2026-05-03T10:05:14.083918+00:00,pure-js,Safari,unknown,iPadOS,18.6,iPad,tablet,[LAB],4,,true,true,true,false,0.02,true,164.47,5.134,1.014,1.161,1.586
567f8776-510c-4038-ba75-25ea2e1b78f3,2026-05-03T10:05:08.78216+00:00,wasm,Safari,unknown,iPadOS,18.6,iPad,tablet,[LAB],4,,true,true,true,false,0.02,true,177.94,1.165,0.074,0.068,0.075
7cff638a-cafd-4bc3-adc9-0598ef0f0ed4,2026-05-03T10:04:29.094795+00:00,pure-js,Safari,16.1,macOS,10.15.7,MacIntel,desktop,[LAB],4,,false,true,true,false,0.02,true,123.15,5.835,1.044,1.334,1.802
0df079cf-c5d3-4b11-af08-b5cfc3b68d11,2026-05-03T10:04:24.090727+00:00,wasm,Safari,16.1,macOS,10.15.7,MacIntel,desktop,[LAB],4,,false,true,true,false,0.02,true,166.11,0.954,0.094,0.097,0.112
a6025761-abb2-4f5f-a2ae-ebd55936bc87,2026-05-03T10:03:15.809257+00:00,pure-js,Safari,unknown,iOS,17.0,iPhone,mobile,[LAB],4,,true,true,true,false,0.02,true,163.93,3.888,0.882,1.04,1.428
857d1c22-0775-4970-ab40-4f157e241825,2026-05-03T10:03:10.936282+00:00,wasm,Safari,unknown,iOS,17.0,iPhone,mobile,[LAB],4,,true,true,true,false,0.02,true,326.8,0.562,0.068,0.068,0.079
54b1c71e-1429-45e4-9e34-68988fa15587,2026-05-03T09:59:17.788041+00:00,pure-js,Safari,unknown,iOS,15.4,iPhone,mobile,[LAB],4,,false,true,true,false,0.02,true,139.66,3.255,0.727,0.903,1.21
a9b16d72-8777-4ec5-9b33-aa7fb6644dad,2026-05-03T09:59:13.619288+00:00,wasm,Safari,unknown,iOS,15.4,iPhone,mobile,[LAB],4,,false,true,true,false,0.02,true,248.76,0.412,0.058,0.065,0.082
d0f47e3d-1f56-42c2-9f48-1efd66b9e04b,2026-05-03T09:58:45.740484+00:00,wasm,Safari,unknown,iOS,16.4,iPhone,mobile,[LAB],4,,true,true,true,false,0.02,true,185.19,0.674,0.08,0.082,0.089
04e734d3-1002-4857-bd88-626857a0ef1f,2026-05-03T09:58:40.931265+00:00,pure-js,Safari,unknown,iOS,16.4,iPhone,mobile,[LAB],4,,true,true,true,false,0.02,true,168.35,5.218,1.062,1.241,1.667
ffde8d8e-7cab-4ea6-801d-655666bb0bc1,2026-05-03T09:58:19.604307+00:00,pure-js,Safari,unknown,iOS,18.3,iPhone,mobile,[LAB],4,,true,true,true,false,0.02,true,141.24,2.012,0.456,0.576,0.778
7dd67150-3996-4e8d-b59f-655485cf3e19,2026-05-03T09:58:13.801231+00:00,wasm,Safari,unknown,iOS,18.3,iPhone,mobile,[LAB],4,,true,true,true,false,0.02,true,217.39,0.297,0.03,0.029,0.034
06584f74-02ab-4074-a7d7-3c93a1328011,2026-05-02T18:03:49.910108+00:00,wasm,Safari,unknown,iOS,18.6,iPhone,mobile,[LAB],4,,true,true,true,false,0.02,true,490.2,0.397,0.026,0.029,0.034
c9bcb70c-e8d0-4c57-b586-c929e35ce747,2026-05-02T18:03:46.842823+00:00,pure-js,Safari,unknown,iOS,18.6,iPhone,mobile,[LAB],4,,true,true,true,false,0.02,true,500,2.254,0.465,0.577,0.779
dff52423-d264-4240-a292-38496e820d9c,2026-05-02T18:02:38.954953+00:00,pure-js,Safari,unknown,iOS,26.3,iPhone,mobile,[LAB],4,,true,true,true,false,0.02,true,485.44,2.018,0.413,0.532,0.702
8d45f921-9866-4259-8b13-f30f1e50e269,2026-05-02T18:02:35.445901+00:00,wasm,Safari,unknown,iOS,26.3,iPhone,mobile,[LAB],4,,true,true,true,false,0.02,true,268.82,0.332,0.025,0.028,0.031
8bfd2ec8-034c-406f-8105-e46716bf03fb,2026-05-02T18:02:33.606237+00:00,wasm,Safari,unknown,iOS,26.3,iPhone,mobile,[LAB],4,,true,true,true,false,0.02,true,420.17,0.358,0.024,0.025,0.034
31cd0501-696b-45e4-a6b4-c4ecc747068f,2026-05-02T18:02:30.247892+00:00,pure-js,Safari,unknown,iOS,26.3,iPhone,mobile,[LAB],4,,true,true,true,false,0.02,true,378.79,2.358,0.469,0.567,0.76
e1bb5da2-747a-42b7-8fd4-9460f71ec1d0,2026-05-02T17:55:20.268803+00:00,pure-js,Safari,18.6,macOS,10.15.7,MacIntel,desktop,[LAB],8,,true,true,true,false,0.02,true,320.51,3.452,0.699,0.874,1.192
44ebc3df-267c-4c4c-a996-71b0f57284dc,2026-05-02T17:55:16.254578+00:00,wasm,Safari,18.6,macOS,10.15.7,MacIntel,desktop,[LAB],8,,true,true,true,false,0.02,true,240.38,0.628,0.044,0.072,0.053
b2f4b79a-19c8-4041-a45c-6b967116bf98,2026-05-02T17:55:13.297504+00:00,wasm,Safari,18.6,macOS,10.15.7,MacIntel,desktop,[LAB],8,,true,true,true,false,0.02,true,301.2,0.738,0.043,0.044,0.049
5fc10b69-a8af-4117-a32f-3bcda2175000,2026-05-02T17:55:09.682412+00:00,pure-js,Safari,18.6,macOS,10.15.7,MacIntel,desktop,[LAB],8,,true,true,true,false,0.02,true,229.36,3.422,0.68,0.857,1.174
c99a9329-50f8-4798-8cfc-1f3f1e4032d1,2026-05-02T17:54:38.626678+00:00,pure-js,Safari,unknown,iOS,26.1,iPhone,mobile,[LAB],4,,true,true,true,false,0.02,true,196.85,1.912,0.39,0.494,0.673
57550797-3dd0-45cd-8e53-d6f9a7ee5a33,2026-05-02T17:54:34.193571+00:00,wasm,Safari,unknown,iOS,26.1,iPhone,mobile,[LAB],4,,true,true,true,false,0.02,true,145.35,0.421,0.023,0.026,0.032
0ee43a4e-ffc6-43d0-9d00-71c2b3818ad5,2026-05-02T17:54:18.960033+00:00,wasm,Safari,unknown,iOS,26.1,iPhone,mobile,[LAB],4,,true,true,true,false,0.02,true,454.55,0.388,0.027,0.029,0.033
6170bf95-ab16-4e7f-ab5c-3c3a4a9cefaf,2026-05-02T17:54:15.55382+00:00,pure-js,Safari,unknown,iOS,26.1,iPhone,mobile,[LAB],4,,true,true,true,false,0.02,true,342.47,1.902,0.39,0.49,0.664
082f3315-dfeb-4ada-9938-4dccf7606ae9,2026-05-02T17:54:02.080375+00:00,pure-js,Safari,26.1,iOS,18.7,iPhone,mobile,[LAB],4,,true,true,true,false,0.02,true,193.05,2.076,0.393,0.492,0.671
5038fc5f-e61e-4f01-80d3-0e06334f5865,2026-05-02T17:53:58.110885+00:00,wasm,Safari,26.1,iOS,18.7,iPhone,mobile,[LAB],4,,true,true,true,false,0.02,true,543.48,0.377,0.028,0.03,0.028
e2df677f-9b56-4bfd-b7b3-047bac6d8d6d,2026-05-02T17:53:23.581542+00:00,wasm,Safari,26.0,iOS,18.6,iPhone,mobile,[LAB],4,,true,true,true,false,0.02,true,393.7,0.416,0.027,0.03,0.036
98fbaecb-533b-4785-8778-ea4d9f421741,2026-05-02T17:53:20.300573+00:00,pure-js,Safari,26.0,iOS,18.6,iPhone,mobile,[LAB],4,,true,true,true,false,0.02,true,217.39,1.974,0.39,0.501,0.675
12df6c26-0035-4cb0-995b-c4d2986ee31f,2026-05-02T17:53:13.687453+00:00,pure-js,Safari,26.0,iOS,18.6,iPhone,mobile,[LAB],4,,true,true,true,false,0.02,true,183.82,1.912,0.388,0.494,0.663
8ebc7880-c242-4fae-848d-9179fb21884d,2026-05-02T17:53:09.475458+00:00,wasm,Safari,26.0,iOS,18.6,iPhone,mobile,[LAB],4,,true,true,true,false,0.02,true,173.01,0.374,0.025,0.026,0.035
42f82279-6126-4579-a917-e9fe9ad5545f,2026-05-02T17:50:18.785962+00:00,wasm,Samsung Internet,29.0.1.11,Android,14.0.0,Android,desktop,[LAB] SM-F956B,8,8,true,true,true,false,0.005,true,421.94,1.848,0.085,0.09,0.083
699bb101-6767-4706-a680-2a6b052927d7,2026-05-02T17:50:15.248045+00:00,pure-js,Samsung Internet,29.0.1.11,Android,14.0.0,Android,desktop,[LAB] SM-F956B,8,8,true,true,true,false,0.005,true,228.05,4.998,0.564,0.739,0.839
f6a8a36c-afc9-4344-bf11-28b1eb52cd18,2026-05-02T17:49:52.04758+00:00,wasm,Samsung Internet,29.0.1.11,Linux,unknown,Linux,desktop,[LAB],8,8,true,true,true,false,0.005,true,255.75,1.209,0.066,0.068,0.079
b4619064-d40e-47f0-9f4c-e6fffde5a063,2026-05-02T17:49:48.879213+00:00,pure-js,Samsung Internet,29.0.1.11,Linux,unknown,Linux,desktop,[LAB],8,8,true,true,true,false,0.005,true,165.29,3.41,0.47,0.602,0.714
7697e7c7-fac6-444c-b61a-4c564a7a6394,2026-05-02T17:48:11.784655+00:00,pure-js,Samsung Internet,29.0.1.11,Android,11.0.0,Android,mobile,[LAB] SM-G998B,8,8,true,true,true,false,0.005,true,104.44,22.38,2.047,2.57,2.912
e848a3e2-a4cd-408f-91a7-a3aeaaac126f,2026-05-02T17:48:04.31736+00:00,wasm,Samsung Internet,29.0.1.11,Android,11.0.0,Android,mobile,[LAB] SM-G998B,8,8,true,true,true,false,0.005,true,72.91,2.904,0.125,0.133,0.127
4346ec06-41e8-4e3e-87e1-5cee6ab1250f,2026-05-02T17:47:15.109868+00:00,pure-js,Samsung Internet,29.0.1.11,Android,12.0.0,Android,mobile,[LAB] SM-S908E,8,8,true,true,true,false,0.005,true,146.63,4.663,0.568,0.708,0.84
c348251c-06a6-4fa2-a030-1789315bf344,2026-05-02T17:47:10.797069+00:00,wasm,Samsung Internet,29.0.1.11,Android,12.0.0,Android,mobile,[LAB] SM-S908E,8,8,true,true,true,false,0.005,true,209.42,3.155,0.104,0.131,0.124
21b98758-27a4-4922-bc6a-cfecdaa1f7d4,2026-05-02T17:46:48.358062+00:00,wasm,Samsung Internet,29.0.1.11,Android,11.0.0,Android,mobile,[LAB] SM-M326B,8,4,true,true,true,false,0.005,true,114.74,12.019,0.369,0.41,0.346
05b8e055-adbb-4fbe-8a34-2b3af1c03c8e,2026-05-02T17:46:42.974616+00:00,pure-js,Samsung Internet,29.0.1.11,Android,11.0.0,Android,mobile,[LAB] SM-M326B,8,4,true,true,true,false,0.005,true,62.21,21.71,2.583,3.197,3.208
025b2af1-ef23-4ecb-849a-8fad5389e9fb,2026-05-02T17:46:33.986153+00:00,pure-js,Samsung Internet,29.0.1.11,Android,11.0.0,Android,mobile,[LAB] SM-M326B,8,4,true,true,true,false,0.005,true,79.46,21.378,2.165,2.937,3.169
e7c1aa03-4c45-45be-a466-e6afffe7296c,2026-05-02T17:46:27.038956+00:00,wasm,Samsung Internet,29.0.1.11,Android,11.0.0,Android,mobile,[LAB] SM-M326B,8,4,true,true,true,false,0.005,true,39.87,12.363,0.395,0.467,0.429
2dd43871-a097-4eca-8c99-74535af502f4,2026-05-02T17:45:37.634274+00:00,wasm,Samsung Internet,29.0.1.11,Android,11.0.0,Android,mobile,[LAB] SM-M526B,8,4,true,true,true,false,0.005,true,182.32,5.554,0.185,0.191,0.129
165e9094-12d4-407c-bf4d-8f495c1bd68c,2026-05-02T17:45:32.724844+00:00,pure-js,Samsung Internet,29.0.1.11,Android,11.0.0,Android,mobile,[LAB] SM-M526B,8,4,true,true,true,false,0.005,true,10.82,21.332,1.436,2.175,2.116
7af3e2b0-1849-4c54-94ed-c10e062d8dde,2026-05-02T17:45:03.943441+00:00,pure-js,Samsung Internet,29.0.1.11,Android,14.0.0,Android,mobile,[LAB] SM-A356E,8,8,true,true,true,false,0.005,true,106.61,7.035,0.898,1.116,1.257
4c82d32d-5fef-47af-b1ae-de80756a6e9f,2026-05-02T17:44:59.429653+00:00,wasm,Samsung Internet,29.0.1.11,Android,14.0.0,Android,mobile,[LAB] SM-A356E,8,8,true,true,true,false,0.005,true,116.96,4.762,0.204,0.229,0.14
d3f62af8-2111-4281-ae3b-c6a8eaaedd65,2026-05-02T17:44:22.645786+00:00,pure-js,Google Chrome,145.0.7632.120,Android,13.0.0,Android,mobile,[LAB] SM-A346B,8,4,true,true,true,false,0.005,true,340.72,4.173,0.792,1.028,1.288
70225568-4a34-4f83-ac3f-d91b5ff1cc2e,2026-05-02T17:44:17.041359+00:00,wasm,Google Chrome,145.0.7632.120,Android,13.0.0,Android,mobile,[LAB] SM-A346B,8,4,true,true,true,false,0.005,true,173.31,1.503,0.126,0.4,0.126
4cd7d0c8-5006-4e9f-8758-a66249150c9c,2026-05-02T17:43:44.627686+00:00,pure-js,Samsung Internet,29.0.1.11,Android,10.0.0,Android,mobile,[LAB] SM-A515F,8,4,true,true,true,false,0.005,true,55.34,16.27,2.147,2.646,3.056
296d90c3-7a55-4440-a680-77c765df3b31,2026-05-02T17:43:38.593238+00:00,wasm,Samsung Internet,29.0.1.11,Android,10.0.0,Android,mobile,[LAB] SM-A515F,8,4,true,true,true,false,0.005,true,336.13,9.015,0.373,0.457,0.346
476e2de0-8f0f-476f-97fc-ce22b4f3ca5e,2026-05-02T17:43:33.74014+00:00,wasm,Samsung Internet,29.0.1.11,Android,10.0.0,Android,mobile,[LAB] SM-A515F,8,4,true,true,true,false,0.005,true,58.93,9.35,0.409,0.442,0.368
12c5458d-b89f-4611-9267-c33f5c8e540a,2026-05-02T17:43:22.117645+00:00,pure-js,Samsung Internet,29.0.1.11,Android,10.0.0,Android,mobile,[LAB] SM-A515F,8,4,true,true,true,false,0.005,false,40.94,24.727,3.982,4.856,6.062
c158c844-55c8-42e4-a63a-8e5c20fa0c87,2026-05-02T17:42:52.079801+00:00,wasm,Samsung Internet,29.0.1.11,Android,15.0.0,Android,mobile,[LAB] SM-A166P,8,8,true,true,true,false,0.005,true,195.69,15.254,0.645,0.727,0.632
9904b5a2-8127-4895-9c07-27f41c2c0343,2026-05-02T17:42:45.896462+00:00,pure-js,Samsung Internet,29.0.1.11,Android,15.0.0,Android,mobile,[LAB] SM-A166P,8,8,true,true,true,false,0.005,true,27.17,24.19,2.756,2.924,2.722
60a57ff3-25cc-4d60-a57c-d693544c84ff,2026-05-02T17:41:54.089402+00:00,pure-js,Google Chrome,145.0.7632.120,Android,15.0.0,Android,mobile,[LAB] Pixel 9 Pro,8,8,true,true,true,false,0.005,true,187.79,2.076,0.468,0.576,0.692
55241e33-e12f-4cbf-9f0c-d1109236928d,2026-05-02T17:41:50.511505+00:00,wasm,Google Chrome,145.0.7632.120,Android,15.0.0,Android,mobile,[LAB] Pixel 9 Pro,8,8,true,true,true,false,0.005,true,188.5,0.453,0.041,0.059,0.057
c283276d-1c37-463e-982b-0314c0969fa8,2026-05-02T17:41:29.243544+00:00,wasm,Google Chrome,145.0.7632.120,Android,15.0.0,Android,mobile,[LAB] Pixel 9 Pro XL,8,8,true,true,true,false,0.005,true,333.89,0.531,0.049,0.054,0.056
bb8f5033-8adf-4c69-80d3-46f5cf872dc5,2026-05-02T17:41:26.05853+00:00,pure-js,Google Chrome,145.0.7632.120,Android,15.0.0,Android,mobile,[LAB] Pixel 9 Pro XL,8,8,true,true,true,false,0.005,true,80.32,1.95,0.444,0.54,0.651
75445b07-5da5-4969-9ff7-5ea1856a20d6,2026-05-02T17:41:15.956261+00:00,pure-js,Google Chrome,145.0.7632.120,Android,15.0.0,Android,mobile,[LAB] Pixel 9 Pro XL,8,8,true,true,true,false,0.005,true,174.37,2.015,0.469,0.531,0.686
d9152a04-06b4-48a6-8d6a-87ecc237d897,2026-05-02T17:41:12.051106+00:00,wasm,Google Chrome,145.0.7632.120,Android,15.0.0,Android,mobile,[LAB] Pixel 9 Pro XL,8,8,true,true,true,false,0.005,true,85.69,0.643,0.052,0.114,0.093
dbecaada-8975-43e7-b7f0-7d569247c72f,2026-05-02T17:40:38.093562+00:00,wasm,Google Chrome,145.0.7632.120,Android,12.0.0,Android,mobile,[LAB] Pixel 6,8,8,true,true,true,false,0.005,true,154.8,0.771,0.099,0.08,0.089
d62c76ad-aa0e-4338-8b4d-269bb8dd89aa,2026-05-02T17:40:35.021444+00:00,pure-js,Google Chrome,145.0.7632.120,Android,12.0.0,Android,mobile,[LAB] Pixel 6,8,8,true,true,true,false,0.005,true,43.58,2.97,0.625,0.752,1.008
1a03842a-a366-41b5-96be-78d8a3c2dd5c,2026-05-02T17:40:14.141096+00:00,pure-js,Google Chrome,145.0.7632.120,Android,13.0.0,Android,mobile,[LAB] Pixel 7,8,8,true,true,true,false,0.005,true,309.6,2.799,0.613,0.721,0.92
9ae0c73f-e446-43c5-b9f3-bd2aab4cfaac,2026-05-02T17:40:10.125736+00:00,wasm,Google Chrome,145.0.7632.120,Android,13.0.0,Android,mobile,[LAB] Pixel 7,8,8,true,true,true,false,0.005,true,147.71,0.73,0.068,0.077,0.081
4677213c-f1c8-44a1-aa39-47c36c27067d,2026-05-02T17:39:12.326723+00:00,wasm,Google Chrome,145.0.7632.120,Android,12.0.0,Android,mobile,[LAB] Pixel 6 Pro,8,8,true,true,true,false,0.005,true,199.6,0.991,0.097,0.091,0.173
d7a3aa3c-39a5-45ca-a802-5305bda62265,2026-05-02T17:39:08.358414+00:00,pure-js,Google Chrome,145.0.7632.120,Android,12.0.0,Android,mobile,[LAB] Pixel 6 Pro,8,8,true,true,true,false,0.005,true,176.83,3.089,0.684,0.8,0.992
d6b36685-4521-49c9-b19e-7c488b3011a6,2026-05-02T17:38:39.808999+00:00,pure-js,Google Chrome,145.0.7632.120,Android,16.0.0,Android,mobile,[LAB] CPH2767,8,8,true,true,true,false,0.005,true,282.49,1.655,0.39,0.463,0.566
eaaf2baa-1b74-4237-b4d7-aad18d6937a9,2026-05-02T17:38:36.362793+00:00,wasm,Google Chrome,145.0.7632.120,Android,16.0.0,Android,mobile,[LAB] CPH2767,8,8,true,true,true,false,0.005,true,316.46,0.37,0.037,0.04,0.049
1110295d-1033-4954-bd64-8696f5dc2058,2026-05-02T17:37:37.416007+00:00,wasm,Google Chrome,145.0.7632.120,Android,15.0.0,Android,mobile,[LAB] CPH2691,8,8,true,true,true,false,0.005,true,185.87,0.431,0.041,0.045,0.056
a35383ce-d114-4724-9a4d-23099ad59dd4,2026-05-02T17:37:33.861827+00:00,pure-js,Google Chrome,145.0.7632.120,Android,15.0.0,Android,mobile,[LAB] CPH2691,8,8,true,true,true,false,0.005,true,278.16,2.096,0.475,0.554,0.726
59871f15-b398-46df-a471-696896ebc380,2026-05-02T17:37:04.979449+00:00,pure-js,Google Chrome,145.0.7632.120,Android,11.0.0,Android,mobile,[LAB] LE2111,8,8,true,true,true,false,0.005,true,256.08,4.367,1.032,1.116,1.311
f09492e2-3a2e-4232-8422-43866537c49c,2026-05-02T17:37:00.844833+00:00,wasm,Google Chrome,145.0.7632.120,Android,11.0.0,Android,mobile,[LAB] LE2111,8,8,true,true,true,false,0.005,true,128.78,0.844,0.077,0.102,0.098
d715b08c-ccdb-4f18-b96f-c6d803f8533c,2026-05-02T17:36:30.04977+00:00,wasm,Google Chrome,145.0.7632.120,Android,15.0.0,Android,mobile,[LAB] 24090RA29I,8,8,true,true,true,false,0.005,true,230.95,1.404,0.143,0.16,0.156
fe0289a3-605f-460a-a40e-a1706bb8beae,2026-05-02T17:36:26.854382+00:00,pure-js,Google Chrome,145.0.7632.120,Android,15.0.0,Android,mobile,[LAB] 24090RA29I,8,8,true,true,true,false,0.005,true,130.46,5.515,1.05,1.621,1.543
e958f016-f069-422a-be02-7c3239722e92,2026-05-02T17:35:45.928242+00:00,pure-js,Google Chrome,145.0.7632.120,Android,13.0.0,Android,mobile,[LAB] RMX3785,8,4,true,true,true,false,0.005,true,105.26,17.411,3.919,4.485,5.324
4bbf7eeb-d741-4c53-9a31-d38caf59a181,2026-05-02T17:35:39.474226+00:00,wasm,Google Chrome,145.0.7632.120,Android,13.0.0,Android,mobile,[LAB] RMX3785,8,4,true,true,true,false,0.005,true,55.52,6.672,0.457,0.675,0.528
c88a5934-fac3-4ba1-9ff1-0656d42a208e,2026-05-02T17:34:49.584337+00:00,pure-js,Google Chrome,145.0.7632.120,Android,11.0.0,Android,mobile,RMX3085,8,4,true,true,true,false,0.005,true,121.95,7.471,1.418,1.877,2.15
7cdcdc95-8fe6-4694-add7-7f865abaf0fc,2026-05-02T17:34:44.962772+00:00,pure-js,Google Chrome,145.0.7632.120,Android,11.0.0,Android,mobile,[LAB] RMX3085,8,4,true,true,true,false,0.005,true,47.2,7.081,1.437,1.674,2.023
fb6e675e-7611-4ad4-9789-f3a4d2029f51,2026-05-02T17:34:40.390973+00:00,wasm,Google Chrome,145.0.7632.120,Android,11.0.0,Android,mobile,[LAB] RMX3085,8,4,true,true,true,false,0.005,true,83.16,2.747,0.28,0.228,0.237
754e1b81-f487-4153-8629-e5dfd9798cfc,2026-05-02T17:34:39.632234+00:00,pure-js,Google Chrome,145.0.7632.120,Android,11.0.0,Android,mobile,[LAB] RMX3085,8,4,true,true,true,false,0.005,true,126.34,8.538,1.629,1.99,2.439
a6b6b4ff-376f-403c-858c-2a57a2e1aeed,2026-05-02T17:34:34.17167+00:00,wasm,Google Chrome,145.0.7632.120,Android,11.0.0,Android,mobile,[LAB] RMX3085,8,4,true,true,true,false,0.005,true,37.38,3.014,0.254,0.282,0.257
43f6d759-08f0-47f4-ad1f-4b1ff74552c7,2026-05-02T17:33:59.101043+00:00,wasm,Google Chrome,145.0.7632.120,Android,14.0.0,Android,mobile,[LAB] RMX3867,8,8,true,true,true,false,0.005,true,132.8,1.743,0.264,0.14,0.285
59b45aa1-d65d-4091-a4f9-8fca0af0cd08,2026-05-02T17:33:55.189876+00:00,pure-js,Google Chrome,145.0.7632.120,Android,14.0.0,Android,mobile,[LAB] RMX3867,8,8,true,true,true,false,0.005,true,144.3,5.54,1.102,1.28,1.785
86d2140e-4d87-483c-aa25-f10b975994ae,2026-05-02T17:33:51.825824+00:00,pure-js,Google Chrome,145.0.7632.120,Android,14.0.0,Android,mobile,[LAB] RMX3867,8,8,true,true,true,false,0.005,true,50.47,17.651,3.988,4.542,5.541
7d220254-4940-4a27-b41b-78e847d02798,2026-05-02T17:33:26.671317+00:00,pure-js,Google Chrome,135.0.7049.113,Android,9.0.0,Android,mobile,[LAB] ELE-L09,8,4,true,true,true,false,0.005,true,221.73,12.649,1.464,1.945,2.133
f9a45726-232c-4b39-bd24-1a4f27fba668,2026-05-02T17:33:21.470088+00:00,wasm,Google Chrome,135.0.7049.113,Android,9.0.0,Android,mobile,[LAB] ELE-L09,8,4,true,true,true,false,0.005,true,157.73,5.638,0.31,0.362,0.338
a97864aa-3f45-4ee9-9d26-2e54faf00b85,2026-05-02T17:32:21.225282+00:00,pure-js,Google Chrome,135.0.7049.113,Android,9.0.0,Android,mobile,[LAB] ELE-L09,8,4,true,true,true,false,0.005,true,233.1,9.41,1.352,1.615,1.728
5824685c-258b-4644-98c9-2604a75d6e35,2026-05-02T17:32:16.297162+00:00,wasm,Google Chrome,135.0.7049.113,Android,9.0.0,Android,mobile,[LAB] ELE-L09,8,4,true,true,true,false,0.005,true,230.41,3.539,0.257,0.262,0.234
360f926e-3e03-409e-b619-e3cd4ed7231d,2026-05-02T17:31:14.615235+00:00,pure-js,Google Chrome,145.0.7632.120,Android,11.0.0,Android,mobile,[LAB] moto g71 5G,8,4,true,true,true,false,0.005,true,126.5,4.295,0.882,1.068,1.266
2b2b39f7-6089-49d8-9660-6196b7d0601b,2026-05-02T17:31:09.974056+00:00,wasm,Google Chrome,145.0.7632.120,Android,11.0.0,Android,mobile,[LAB] moto g71 5G,8,4,true,true,true,false,0.005,true,113.57,1.39,0.148,0.151,0.125
a6302677-00ff-48ec-803f-438e440f6b25,2026-05-02T17:28:50.334167+00:00,pure-js,Google Chrome,135.0.7049.113,Android,9.0.0,Android,mobile,[LAB] ELE-L09,8,4,true,true,true,false,0.005,true,182.98,11.791,1.69,2.006,2.146
a02b810d-aa04-455c-ba62-74eaadca35ff,2026-05-02T17:28:44.687575+00:00,wasm,Google Chrome,135.0.7049.113,Android,9.0.0,Android,mobile,[LAB] ELE-L09,8,4,true,true,true,false,0.005,true,240.96,5.933,0.296,0.355,0.305
83c54554-ba26-4faf-ae9c-6e98cae44fc8,2026-05-02T17:26:08.213314+00:00,wasm,Google Chrome,145.0.7632.120,Android,14.0.0,Android,mobile,[LAB] CPH2505,8,8,true,true,true,false,0.005,true,68.63,2.479,0.269,0.249,0.245
9e9ec895-b621-4377-ac70-1381bde68a22,2026-05-02T17:26:04.166896+00:00,pure-js,Google Chrome,145.0.7632.120,Android,14.0.0,Android,mobile,[LAB] CPH2505,8,8,true,true,true,false,0.005,true,52.16,6.075,1.204,1.48,1.689
6e87b120-d9e9-4a72-977a-f452944e687d,2026-05-02T17:26:00.501813+00:00,pure-js,Google Chrome,145.0.7632.120,Android,14.0.0,Android,mobile,[LAB] CPH2505,8,8,true,true,true,false,0.005,true,78.06,12.89,3.119,2.927,3.54
f4baf910-154e-4762-84b8-10df96c02228,2026-05-02T17:25:43.875717+00:00,pure-js,Google Chrome,145.0.7632.120,Android,15.0.0,Android,mobile,[LAB] CPH2691,8,8,true,true,true,false,0.005,true,238.1,2.112,0.483,0.583,0.71
4e43575c-c14f-4b39-809b-13c20129e709,2026-05-02T17:25:40.245647+00:00,wasm,Google Chrome,145.0.7632.120,Android,15.0.0,Android,mobile,[LAB] CPH2691,8,8,true,true,true,false,0.005,true,424.63,0.432,0.04,0.047,0.055
98181155-0243-46a6-88d8-9650ce09481f,2026-05-02T17:25:14.502404+00:00,pure-js,Google Chrome,145.0.7632.120,Android,12.0.0,Android,mobile,[LAB] CPH2333,8,8,true,true,true,false,0.005,true,82.71,8.375,1.832,2.149,2.59
da11789e-cfd2-4523-a282-ceeafe51ff03,2026-05-02T17:25:09.549521+00:00,wasm,Google Chrome,145.0.7632.120,Android,12.0.0,Android,mobile,[LAB] CPH2333,8,8,true,true,true,false,0.005,true,46.98,2.811,0.331,0.33,0.306
6ce90406-d8e8-44c6-9220-adb5f8e0563c,2026-05-02T17:24:52.465662+00:00,wasm,Google Chrome,145.0.7632.120,Android,11.0.0,Android,mobile,[LAB] CPH2251,8,8,true,true,true,false,0.005,true,95.69,1.128,0.115,0.121,0.114
d94a8201-f4d0-47ac-b341-f26dc251e503,2026-05-02T17:24:48.585218+00:00,pure-js,Google Chrome,145.0.7632.120,Android,11.0.0,Android,mobile,[LAB] CPH2251,8,8,true,true,true,false,0.005,true,63.69,5.595,1.178,1.311,1.87
9b9d97a5-55de-4491-8d7e-484fb38fd83c,2026-05-02T17:24:42.207052+00:00,pure-js,Google Chrome,145.0.7632.120,Android,14.0.0,Android,mobile,[LAB] CPH2585,8,8,true,true,true,false,0.005,true,223.21,2.763,0.612,0.737,0.897
24043af0-f5a8-4545-8d35-2074b97eeb8c,2026-05-02T17:24:38.472015+00:00,wasm,Google Chrome,145.0.7632.120,Android,14.0.0,Android,mobile,[LAB] CPH2585,8,8,true,true,true,false,0.005,true,294.55,0.729,0.065,0.086,0.081
aad181c5-6c47-4c1b-87f4-027499e192f6,2026-05-02T17:24:25.189978+00:00,wasm,Google Chrome,145.0.7632.120,Android,10.0.0,Android,mobile,[LAB] CPH2035,8,8,true,true,true,false,0.005,true,151.86,3.006,0.288,0.347,0.301
be5f1a0c-5c1f-48ed-a5d5-5fa576d86264,2026-05-02T17:24:20.910795+00:00,pure-js,Google Chrome,145.0.7632.120,Android,10.0.0,Android,mobile,[LAB] CPH2035,8,8,true,true,true,false,0.005,true,31.94,7.481,1.553,1.809,2.211
a7575ec2-dc7c-49e4-9245-a5cc16590f58,2026-05-02T17:23:54.613364+00:00,pure-js,Google Chrome,145.0.7632.120,Android,15.0.0,Android,mobile,[LAB] CPH2721,8,8,true,true,true,false,0.005,true,142.25,4.306,0.899,1.055,1.282
0fc10a57-2c29-4fc5-afd7-a33b9c40ca10,2026-05-02T17:23:50.722263+00:00,wasm,Google Chrome,145.0.7632.120,Android,15.0.0,Android,mobile,[LAB] CPH2721,8,8,true,true,true,false,0.005,true,185.87,1.312,0.143,0.146,0.116
63208f78-b242-405d-aea0-e4fb50f53113,2026-05-02T17:23:42.244466+00:00,wasm,Google Chrome,145.0.7632.120,Android,15.0.0,Android,mobile,[LAB] CPH2721,8,8,true,true,true,false,0.005,true,154.68,1.311,0.151,0.143,0.111
06239d9a-53fa-47cc-a0de-ac2d8d23faaa,2026-05-02T17:23:38.84991+00:00,pure-js,Google Chrome,145.0.7632.120,Android,15.0.0,Android,mobile,[LAB] CPH2721,8,8,true,true,true,false,0.005,true,735.29,4.222,0.912,1.046,1.242
4e728979-fc09-4f66-a79f-b389f5c6a5eb,2026-05-02T17:23:37.335996+00:00,pure-js,Google Chrome,145.0.7632.120,Android,16.0.0,Android,mobile,[LAB] Pixel 9,8,8,true,true,true,false,0.005,true,320.51,2.227,0.482,0.644,0.71
fb126bfc-a263-4b19-8370-10ed32b5c2f9,2026-05-02T17:23:35.78547+00:00,pure-js,Google Chrome,145.0.7632.120,Android,15.0.0,Android,mobile,[LAB] CPH2721,8,8,true,true,true,false,0.005,true,202.43,4.28,0.887,1.064,1.277
61e911b3-88d7-46e2-88b8-5e068ea36afe,2026-05-02T17:23:33.670136+00:00,wasm,Google Chrome,145.0.7632.120,Android,16.0.0,Android,mobile,[LAB] Pixel 9,8,8,true,true,true,false,0.005,true,70.25,0.528,0.047,0.054,0.081
e99f1211-ef80-44a0-a1de-581720155c0f,2026-05-02T17:23:31.75448+00:00,wasm,Google Chrome,145.0.7632.120,Android,15.0.0,Android,mobile,[LAB] CPH2721,8,8,true,true,true,false,0.005,true,163.27,1.36,0.143,0.148,0.118
e81b4c33-9b39-493d-9004-a7d61902d8c1,2026-05-02T17:23:31.532592+00:00,pure-js,Google Chrome,145.0.7632.120,Android,15.0.0,Android,mobile,[LAB] CPH2721,8,8,true,true,true,false,0.005,true,193.42,4.372,0.916,1.078,1.292
58430459-98f4-4499-89fb-31d839651699,2026-05-02T17:23:26.148173+00:00,wasm,Google Chrome,145.0.7632.120,Android,15.0.0,Android,mobile,[LAB] CPH2721,8,8,true,true,true,false,0.005,true,66.93,1.362,0.141,0.147,0.127
d83dce5f-3c75-43ca-8463-67aec0eb4784,2026-05-02T17:22:34.353269+00:00,pure-js,Google Chrome,145.0.7632.120,Android,16.0.0,Android,mobile,[LAB] Pixel 10 Pro XL,8,8,true,true,true,false,0.005,true,297.18,1.595,0.369,0.44,0.527
419d53d0-4825-48dd-b625-89f9c1b70855,2026-05-02T17:22:30.08791+00:00,wasm,Google Chrome,145.0.7632.120,Android,16.0.0,Android,mobile,[LAB] Pixel 10 Pro XL,8,8,true,true,true,false,0.005,true,377.36,0.372,0.034,0.038,0.058
6420075b-36d3-4e10-bb42-8a2d46e62bcd,2026-05-02T17:22:26.617227+00:00,wasm,Google Chrome,145.0.7632.120,Android,11.0.0,Android,mobile,[LAB] V2149,8,4,true,true,true,false,0.005,true,92.64,7.164,0.705,0.806,0.766
68439858-f786-4c46-979f-7bc2602db3aa,2026-05-02T17:22:21.71133+00:00,pure-js,Google Chrome,145.0.7632.120,Android,11.0.0,Android,mobile,[LAB] V2149,8,4,true,true,true,false,0.005,true,15.51,20.692,4.403,5.315,6.285
01473674-594e-49bf-9133-8fb3ab978471,2026-05-02T17:21:50.919079+00:00,pure-js,Google Chrome,145.0.7632.120,Android,11.0.0,Android,mobile,[LAB] V2050,8,8,true,true,true,false,0.005,true,94.25,7.25,1.403,1.804,2.151
52b600a5-e43c-4b90-8400-1bdfe4e69f42,2026-05-02T17:21:46.565795+00:00,wasm,Google Chrome,145.0.7632.120,Android,11.0.0,Android,mobile,[LAB] V2050,8,8,true,true,true,false,0.005,true,161.03,3.389,0.302,0.41,0.415
a837b478-f81c-4b9b-845b-d0442175ff3b,2026-05-02T17:21:26.478502+00:00,pure-js,Google Chrome,145.0.7632.120,Android,11.0.0,Android,mobile,[LAB] 2201117TI,8,4,true,true,true,false,0.005,true,133.51,8.247,1.848,2.118,2.55
b5859a53-75a9-473c-b671-1fa1d6adaa8e,2026-05-02T17:21:20.798997+00:00,wasm,Google Chrome,145.0.7632.120,Android,11.0.0,Android,mobile,[LAB] 2201117TI,8,4,true,true,true,false,0.005,true,35.95,2.63,0.252,0.287,0.349
9b8858a5-915a-4a8f-af06-ad170834f4ba,2026-05-02T17:18:48.411927+00:00,wasm,Google Chrome,145.0.7632.120,Android,11.0.0,Android,mobile,[LAB] V2050,8,8,true,true,true,false,0.005,true,51.32,2.129,0.171,0.192,0.166
cdf597f2-aa89-48e7-831c-5e20d1a79333,2026-05-02T17:17:36.623574+00:00,pure-js,Google Chrome,145.0.7632.120,Android,14.0.0,Android,mobile,[LAB] 2312DRA50I,8,8,true,true,true,false,0.005,true,187.09,5.21,1.074,1.316,1.397
6674d291-b299-4ca7-b482-69d6b371800c,2026-05-02T17:17:32.681015+00:00,wasm,Google Chrome,145.0.7632.120,Android,14.0.0,Android,mobile,[LAB] 2312DRA50I,8,8,true,true,true,false,0.005,true,112.11,1.461,0.149,0.147,0.219
7c633c11-dd43-466d-a058-b9307ee43dfc,2026-05-02T17:17:25.922022+00:00,wasm,Google Chrome,145.0.7632.120,Android,14.0.0,Android,mobile,[LAB] 2312DRA50I,8,8,true,true,true,false,0.005,true,165.56,1.956,0.181,0.212,0.265
d857b504-4d1b-49f3-91a7-1e5cbac50a8b,2026-05-02T17:17:22.245922+00:00,pure-js,Google Chrome,145.0.7632.120,Android,14.0.0,Android,mobile,[LAB] 2312DRA50I,8,8,true,true,true,false,0.005,true,49.01,4.316,0.924,1,1.231
6a9dc359-5692-4a1d-90fb-a9073eeebf8c,2026-05-02T17:16:33.932956+00:00,pure-js,Google Chrome,145.0.7632.120,Android,15.0.0,Android,mobile,[LAB] 24090RA29I,8,8,true,true,true,false,0.005,true,110.56,4.382,0.843,1.143,1.302
db58d48b-cd35-4d87-ac3a-245ef80ce0f4,2026-05-02T17:16:30.221382+00:00,wasm,Google Chrome,145.0.7632.120,Android,15.0.0,Android,mobile,[LAB] 24090RA29I,8,8,true,true,true,false,0.005,true,56.1,2.238,0.278,0.25,0.153
bcd42248-33cd-4204-96bb-6223d44482fa,2026-05-02T17:16:28.67997+00:00,pure-js,Google Chrome,145.0.7632.120,Android,15.0.0,Android,mobile,[LAB] 24090RA29I,8,8,true,true,true,false,0.005,true,127.96,5.077,0.916,1.36,1.347
96c29e5f-56f4-487b-abe4-fa7185004d5e,2026-05-02T17:16:24.606713+00:00,wasm,Google Chrome,145.0.7632.120,Android,15.0.0,Android,mobile,[LAB] 24090RA29I,8,8,true,true,true,false,0.005,true,58.96,1.589,0.162,0.172,0.144
dbf70ece-7e8d-4da7-8f2f-9386bafc18c0,2026-05-02T17:15:33.991364+00:00,wasm,Google Chrome,145.0.7632.120,Android,15.0.0,Android,mobile,[LAB] motorola edge 60 fusion,8,8,true,true,true,false,0.005,true,237.25,1.335,0.143,0.143,0.149
e0024af3-1cc1-4d28-84a4-a1b93ff1dcf2,2026-05-02T17:15:29.713224+00:00,pure-js,Google Chrome,145.0.7632.120,Android,15.0.0,Android,mobile,[LAB] motorola edge 60 fusion,8,8,true,true,true,false,0.005,true,27.2,3.71,0.775,0.898,1.07
27a15f27-b4b1-4f59-b2d7-a29eea1b74ab,2026-05-02T17:15:08.015515+00:00,wasm,Google Chrome,145.0.7632.120,Android,10.0.0,Android,mobile,[LAB] moto g(9) play,8,4,true,true,true,false,0.005,true,154.68,3.55,0.353,0.388,0.457
bacbccef-3d86-4c1a-86b2-1831f090ff53,2026-05-02T17:15:04.187343+00:00,pure-js,Google Chrome,145.0.7632.120,Android,10.0.0,Android,mobile,[LAB] moto g(9) play,8,4,true,true,true,false,0.005,true,126.66,10.338,2.233,2.621,3.238
89a71547-1d13-4442-ada7-26f1e091418d,2026-05-02T17:14:59.812048+00:00,pure-js,Google Chrome,145.0.7632.120,Android,10.0.0,Android,mobile,[LAB] moto g(9) play,8,4,true,true,true,false,0.005,true,45.32,17.067,3.479,4.303,5.175
4ab480a6-bd02-43a2-b5fb-89cf6a25bb5b,2026-05-02T17:14:33.702584+00:00,pure-js,Google Chrome,145.0.7632.120,Android,11.0.0,Android,mobile,[LAB] moto g71 5G,8,4,true,true,true,false,0.005,true,95.28,4.378,0.919,1.092,1.254
a03445b7-20a0-4924-8358-2e98389448fa,2026-05-02T17:14:28.904535+00:00,wasm,Google Chrome,145.0.7632.120,Android,11.0.0,Android,mobile,[LAB] moto g71 5G,8,4,true,true,true,false,0.005,true,80.48,1.447,0.149,0.157,0.125
e035872a-479c-4178-8569-c453524fc3be,2026-05-02T17:13:11.312722+00:00,pure-js,Google Chrome,145.0.7632.120,Android,16.0.0,Android,mobile,[LAB] Pixel 10 Pro XL,8,8,true,true,true,false,0.005,true,303.49,1.691,0.364,0.466,0.545
6d1d9c33-7947-4404-aa71-a7b82fde0aae,2026-05-02T17:13:07.851581+00:00,wasm,Google Chrome,145.0.7632.120,Android,16.0.0,Android,mobile,[LAB] Pixel 10 Pro XL,8,8,true,true,true,false,0.005,true,298.06,0.368,0.034,0.049,0.044
14d47972-9f9f-439f-b55a-18f0fc3cf8f9,2026-05-02T17:13:02.425802+00:00,wasm,Google Chrome,145.0.7632.120,Android,13.0.0,Android,mobile,[LAB] motorola edge 40 neo,8,8,true,true,true,false,0.005,true,355.24,1.074,0.105,0.109,0.112
ab3c359a-63dd-4324-b8e3-8fb6c03e0a39,2026-05-02T17:12:58.535004+00:00,pure-js,Google Chrome,145.0.7632.120,Android,13.0.0,Android,mobile,[LAB] motorola edge 40 neo,8,8,true,true,true,false,0.005,true,84.5,3.702,0.842,0.926,1.099
c01a54e5-0738-4454-b5e0-e80cc729c956,2026-05-02T17:12:40.753046+00:00,pure-js,Google Chrome,145.0.7632.120,Android,14.0.0,Android,mobile,[LAB] motorola edge 50 fusion,8,8,true,true,true,false,0.005,true,190.66,4.005,0.841,0.975,1.162
92fd8125-abbf-47a3-916c-158fbcad23ba,2026-05-02T17:12:36.594653+00:00,wasm,Google Chrome,145.0.7632.120,Android,14.0.0,Android,mobile,[LAB] motorola edge 50 fusion,8,8,true,true,true,false,0.005,true,237.81,1.355,0.15,0.181,0.115
f919bd49-25a9-4e8f-99d9-042b539e7619,2026-05-02T17:12:24.910271+00:00,pure-js,Google Chrome,145.0.7632.120,Android,14.0.0,Android,mobile,motorola edge 50 fusion,8,8,true,true,true,false,0.005,true,102.99,4.149,0.891,1.036,1.173
1fcba345-c685-472c-b04a-5347ac1757ce,2026-05-02T17:12:20.231411+00:00,wasm,Google Chrome,145.0.7632.120,Android,14.0.0,Android,mobile,motorola edge 50 fusion,8,8,true,true,true,false,0.005,true,46.73,1.517,0.194,0.159,0.127
3d3e1166-1c6c-4264-adb7-1ba4caea6a1d,2026-05-02T17:12:08.770026+00:00,pure-js,Google Chrome,145.0.7632.120,Android,11.0.0,Android,mobile,[LAB] moto g71 5G,8,4,true,true,true,false,0.005,true,134.86,4.448,1.034,1.083,1.269
53071514-9304-48fa-b24a-1bd6c09e74b5,2026-05-02T17:12:04.450289+00:00,wasm,Google Chrome,145.0.7632.120,Android,11.0.0,Android,mobile,[LAB] moto g71 5G,8,4,true,true,true,false,0.005,true,61.24,1.527,0.18,0.153,0.215
e99eb6ec-09d5-4be7-8e8e-736dd2988785,2026-05-02T17:11:07.894809+00:00,wasm,Google Chrome,145.0.7632.120,Android,14.0.0,Android,mobile,2312DRA50I,8,8,true,true,true,false,0.005,true,163.67,1.743,0.178,0.21,0.122
44be59bb-e3e5-4956-bcfa-27da6471387e,2026-05-02T17:11:04.2744+00:00,pure-js,Google Chrome,145.0.7632.120,Android,14.0.0,Android,mobile,2312DRA50I,8,8,true,true,true,false,0.005,true,35.99,4.28,0.845,1.071,1.229
fea88dff-7eed-4750-85d4-936b669be57e,2026-05-02T17:11:00.711329+00:00,pure-js,Google Chrome,145.0.7632.120,Android,14.0.0,Android,mobile,[LAB] CPH2585,8,8,true,true,true,false,0.005,true,296.74,2.862,0.626,0.795,0.933
24babe3e-b17b-4cc0-a23b-15bed7438591,2026-05-02T17:10:56.459786+00:00,wasm,Google Chrome,145.0.7632.120,Android,14.0.0,Android,mobile,[LAB] CPH2585,8,8,true,true,true,false,0.005,true,254.78,0.62,0.057,0.063,0.068
1a2df915-0c69-4b2d-9707-667b5757fd5c,2026-05-02T17:10:10.199063+00:00,wasm,Google Chrome,145.0.7632.120,Android,13.0.0,Android,mobile,[LAB] 23027RAD4I,8,4,true,true,true,false,0.005,true,128.78,2.977,0.317,0.318,0.393
96b47229-26eb-4a38-baa6-e4f6ae2e85ea,2026-05-02T17:10:06.181623+00:00,pure-js,Google Chrome,145.0.7632.120,Android,13.0.0,Android,mobile,[LAB] 23027RAD4I,8,4,true,true,true,false,0.005,true,36.66,11.971,2.539,2.9,3.511
987b2144-0cd4-4671-8fed-6ff14a0475ac,2026-05-02T17:09:59.905096+00:00,pure-js,Google Chrome,145.0.7632.120,Android,13.0.0,Android,mobile,[LAB] 23027RAD4I,8,4,true,true,true,false,0.005,true,69.71,16.586,2.962,4.39,5.049
458819ff-1f77-4887-b3f6-f8366ed35b77,2026-05-02T17:09:51.309711+00:00,pure-js,Google Chrome,145.0.7632.120,Android,11.0.0,Android,mobile,[LAB] 2201117TI,8,4,true,true,true,false,0.005,true,165.02,8.257,1.828,2.093,2.576
7a5b427b-5904-4340-aecd-9cbb41b04655,2026-05-02T17:09:46.155223+00:00,wasm,Google Chrome,145.0.7632.120,Android,11.0.0,Android,mobile,[LAB] 2201117TI,8,4,true,true,true,false,0.005,true,91.74,2.582,0.257,0.281,0.331
540e7df7-7dd3-4170-84ec-ccf4564d22e5,2026-05-02T17:08:57.86206+00:00,pure-js,Google Chrome,145.0.7632.120,Android,13.0.0,Android,mobile,[LAB] 23027RAD4I,8,4,true,true,true,false,0.005,true,70.55,8.166,1.724,1.995,2.452
09ac4c51-4418-40e5-89ee-dca452604191,2026-05-02T17:08:52.747318+00:00,wasm,Google Chrome,145.0.7632.120,Android,13.0.0,Android,mobile,[LAB] 23027RAD4I,8,4,true,true,true,false,0.005,true,45.36,7.344,0.566,1.045,0.713
07634f54-7826-4314-81dd-b323479dd31f,2026-05-02T17:08:47.819638+00:00,wasm,Brave,147.0.0.0,macOS,26.3.1,macOS,desktop,[LAB],2,8,true,true,true,false,0.005,true,244.5,0.514,0.061,0.065,0.075
6f2bbc14-c1b1-46e4-ae36-92412f5c185c,2026-05-02T17:07:29.801959+00:00,pure-js,Google Chrome,145.0.7632.120,Android,14.0.0,Android,mobile,[LAB] CPH2585,8,8,true,true,true,false,0.005,true,350.88,2.731,0.623,0.704,0.888
6ea93c8d-d861-4c33-b27b-b625f0569f67,2026-05-02T17:07:25.624525+00:00,wasm,Google Chrome,145.0.7632.120,Android,14.0.0,Android,mobile,[LAB] CPH2585,8,8,true,true,true,false,0.005,true,272.48,0.71,0.057,0.079,0.085
a22f9bb6-1e3c-4cd9-a2ac-a09810ce1f31,2026-05-02T17:05:38.767245+00:00,pure-js,Google Chrome,145.0.7632.120,Android,11.0.0,Android,mobile,[LAB] CPH2251,8,8,true,true,true,false,0.005,true,93.33,4.43,0.939,1.156,1.361
7a9c025a-d8b4-4d82-8ac9-f7c4092587a2,2026-05-02T17:05:34.67558+00:00,wasm,Google Chrome,145.0.7632.120,Android,11.0.0,Android,mobile,[LAB] CPH2251,8,8,true,true,true,false,0.005,true,189.39,2.259,0.227,0.249,0.37
92c241e9-a24a-4664-8d07-08457125aaeb,2026-05-02T17:05:04.375696+00:00,wasm,Google Chrome,145.0.7632.120,Android,13.0.0,Android,mobile,23027RAD4I,8,4,true,true,true,false,0.005,true,91.32,2.814,0.28,0.33,0.298
937c0e73-1c61-42ac-9ddf-9fde9da7a79c,2026-05-02T17:04:59.531964+00:00,pure-js,Google Chrome,145.0.7632.120,Android,13.0.0,Android,mobile,23027RAD4I,8,4,true,true,true,false,0.005,true,41.76,11.934,2.528,2.752,3.76
d33408bd-31c4-4622-834c-2681f0bd6e08,2026-05-02T17:03:50.391391+00:00,pure-js,Google Chrome,145.0.7632.120,Android,15.0.0,Android,mobile,RMX5070,8,4,true,true,true,false,0.005,true,80.87,4.302,0.93,1.054,1.387
0b31ea1a-a4ca-477b-8e95-c5e0e46eda98,2026-05-02T17:03:43.496386+00:00,wasm,Google Chrome,145.0.7632.120,Android,15.0.0,Android,mobile,RMX5070,8,4,true,true,true,false,0.005,true,75.41,1.279,0.129,0.195,0.137
8d01a8bf-5735-487f-a4fe-31ce9a477917,2026-05-02T16:58:12.372042+00:00,pure-js,Google Chrome,147.0.7727.56,Windows,8.0.0,Windows,desktop,,4,8,true,true,true,false,0.005,true,265.96,2.333,0.537,0.616,0.808
c4c842a8-2264-4b4a-90b6-6e1863dc7204,2026-05-02T16:58:07.989925+00:00,wasm,Google Chrome,147.0.7727.56,Windows,8.0.0,Windows,desktop,,4,8,true,true,true,false,0.005,true,83.13,0.623,0.161,0.063,0.084
1e3f7c8f-85c2-4db5-bbc4-92eb9be87bc9,2026-05-02T16:50:41.834905+00:00,pure-js,Google Chrome,145.0.7632.120,Android,13.0.0,Android,mobile,[LAB] CPH2487,8,8,true,true,true,false,0.005,true,105.65,3.103,0.672,0.84,0.976
dc3bd37f-05d8-43d0-ad0e-bbf0bb8bdf74,2026-05-02T16:50:37.031331+00:00,wasm,Google Chrome,145.0.7632.120,Android,13.0.0,Android,mobile,[LAB] CPH2487,8,8,true,true,true,false,0.005,true,87.18,1.018,0.094,0.105,0.138
f8ead34b-891f-43e9-b1fe-143f44d0c220,2026-05-02T16:49:34.896639+00:00,pure-js,Google Chrome,145.0.7632.120,Android,14.0.0,Android,mobile,[LAB] CPH2585,8,8,true,true,true,false,0.005,true,106.04,2.678,0.579,0.742,0.838
c9e285fa-2290-4b21-9b53-a64fe9905c31,2026-05-02T16:49:30.918818+00:00,wasm,Google Chrome,145.0.7632.120,Android,14.0.0,Android,mobile,[LAB] CPH2585,8,8,true,true,true,false,0.005,true,233.92,0.683,0.058,0.066,0.112
c9692e57-9c60-4c8e-b57e-abe75542818a,2026-05-02T16:48:23.708781+00:00,pure-js,Google Chrome,145.0.7632.120,Android,11.0.0,Android,mobile,[LAB] CPH2251,8,8,true,true,true,false,0.005,true,108.23,3.876,0.807,0.965,1.184
a3b3013a-613e-4ef8-a68f-68a1a01d1a36,2026-05-02T16:48:19.43193+00:00,wasm,Google Chrome,145.0.7632.120,Android,11.0.0,Android,mobile,[LAB] CPH2251,8,8,true,true,true,false,0.005,true,74.79,4.013,0.418,0.509,0.54
3d697d65-be8f-4107-8c5e-8bdd246b5a54,2026-05-02T16:47:51.138817+00:00,wasm,Google Chrome,145.0.7632.120,Android,15.0.0,Android,mobile,[LAB] V2437,8,8,true,true,true,false,0.005,true,225.23,1.117,0.116,0.115,0.139
61d779c4-52eb-4148-a2df-aca29b657ec3,2026-05-02T16:47:47.437926+00:00,pure-js,Google Chrome,145.0.7632.120,Android,15.0.0,Android,mobile,[LAB] V2437,8,8,true,true,true,false,0.005,true,34.15,3.791,0.816,0.96,1.123
9331b509-8400-4b17-ad27-60225c1aff4a,2026-05-02T16:47:05.616839+00:00,pure-js,Google Chrome,145.0.7632.120,Android,11.0.0,Android,mobile,[LAB] V2149,8,4,true,true,true,false,0.005,true,58.38,22.675,4.739,5.799,6.774
fbdc8e97-9eae-4a81-b613-02b6a9019a18,2026-05-02T16:46:57.210373+00:00,wasm,Google Chrome,145.0.7632.120,Android,11.0.0,Android,mobile,[LAB] V2149,8,4,true,true,true,false,0.005,true,12.85,7.473,0.751,0.855,0.807
2449a5db-60bf-49f6-a5b3-d242f54bff12,2026-05-02T16:46:29.275958+00:00,wasm,Google Chrome,145.0.7632.120,Android,12.0.0,Android,mobile,[LAB] V2207,8,4,true,true,true,false,0.005,true,94.65,3.303,0.336,0.359,0.292
79e8c0aa-6589-4a9d-8162-8857aa9886d2,2026-05-02T16:46:24.678635+00:00,pure-js,Google Chrome,145.0.7632.120,Android,12.0.0,Android,mobile,[LAB] V2207,8,4,true,true,true,false,0.005,true,56.92,9.275,1.938,2.167,2.771
e28bfb79-d970-4ce5-8940-194a5f5f16bb,2026-05-02T16:45:48.26818+00:00,pure-js,Google Chrome,145.0.7632.120,Android,13.0.0,Android,mobile,[LAB] V2239,8,8,true,true,true,false,0.005,true,95.19,3.877,0.82,0.966,1.165
6a667b19-aeac-4278-b61e-7c3485e34f98,2026-05-02T16:45:44.314265+00:00,wasm,Google Chrome,145.0.7632.120,Android,13.0.0,Android,mobile,[LAB] V2239,8,8,true,true,true,false,0.005,true,47.78,1.225,0.17,0.131,0.117
4cb95cbe-7b0b-4598-804f-fec91aab8d70,2026-05-02T16:44:15.800384+00:00,pure-js,Firefox,145.0,Android,13,Linux armv81,mobile,[LAB],8,,true,true,true,false,0.02,true,289.02,34.055,5.786,6.442,6.265
bb8bb060-8970-48ac-93d3-7a6452732c47,2026-05-02T16:44:06.478969+00:00,wasm,Firefox,145.0,Android,13,Linux armv81,mobile,[LAB],8,,true,true,true,false,0.02,true,263.16,11.293,0.358,0.424,0.475
85d1be3a-8d9b-4ff6-970e-f91b10a4cd79,2026-05-02T16:43:50.680383+00:00,wasm,Firefox,145.0,Android,13,Linux armv81,mobile,[LAB],8,,true,true,true,false,0.02,true,111.61,11.03,0.438,0.515,0.354
3484f794-3234-4eeb-ad45-540d9d73927f,2026-05-02T16:43:44.606607+00:00,pure-js,Firefox,145.0,Android,13,Linux armv81,mobile,[LAB],8,,true,true,true,false,0.02,true,122.85,35.238,4.546,6.495,6.226
6a187123-c395-4f6e-9b61-25d837e8442c,2026-05-02T16:43:03.060067+00:00,pure-js,Google Chrome,145.0.7632.120,Android,14.0.0,Android,mobile,[LAB] V2318,8,8,true,true,true,false,0.005,true,110.62,4.226,0.974,1.188,1.298
d16e828b-6cfd-44f2-92c4-ce1526bca2d5,2026-05-02T16:42:58.46839+00:00,wasm,Google Chrome,145.0.7632.120,Android,14.0.0,Android,mobile,[LAB] V2318,8,8,true,true,true,false,0.005,true,39.81,0.926,0.093,0.1,0.127
cecb1658-3dea-4a7b-8c68-952e627fce06,2026-05-02T16:41:55.626452+00:00,pure-js,Google Chrome,145.0.7632.120,Android,14.0.0,Android,mobile,[LAB] CPH2505,8,8,true,true,true,false,0.005,true,55.36,7.525,1.696,1.838,2.043
8ee8d470-de88-4189-8daf-96a616ca3f6f,2026-05-02T16:41:50.311165+00:00,wasm,Google Chrome,145.0.7632.120,Android,14.0.0,Android,mobile,[LAB] CPH2505,8,8,true,true,true,false,0.005,true,543.48,1.786,0.211,0.191,0.15
b667fb02-c632-4cca-a1dc-3672a45871f0,2026-05-02T16:41:45.468428+00:00,wasm,Google Chrome,145.0.7632.120,Android,14.0.0,Android,mobile,[LAB] CPH2505,8,8,true,true,true,false,0.005,true,131.58,2.788,0.295,0.365,0.271
5bea522a-d560-4009-a1fa-483777b6fbc4,2026-05-02T16:41:41.050137+00:00,pure-js,Google Chrome,145.0.7632.120,Android,14.0.0,Android,mobile,[LAB] CPH2505,8,8,true,true,true,false,0.005,true,67.09,6.636,1.541,1.629,1.867
16f32179-a4b8-4ee7-8e35-409b0862870e,2026-05-02T16:40:53.76065+00:00,pure-js,Safari,26.0,iOS,18.6,iPhone,mobile,[LAB],4,,true,true,true,false,0.02,true,295.86,1.905,0.392,0.496,0.676
f623e1d2-7cfc-4eab-a1af-df8bbfb20d6e,2026-05-02T16:40:49.621584+00:00,wasm,Safari,26.0,iOS,18.6,iPhone,mobile,[LAB],4,,true,true,true,false,0.02,true,510.2,0.419,0.028,0.027,0.034
ef6ad026-3b6a-4a26-8e53-c3dc19b86683,2026-05-02T16:39:54.87904+00:00,wasm,Safari,unknown,iOS,26.0,iPhone,mobile,[LAB],4,,true,true,true,false,0.02,true,500,0.442,0.026,0.029,0.032
e04cdf2d-5469-4882-a6a6-de9dd63fc8e6,2026-05-02T16:39:50.959823+00:00,pure-js,Safari,unknown,iOS,26.0,iPhone,mobile,[LAB],4,,true,true,true,false,0.02,true,409.84,1.909,0.39,0.494,0.67
65d98504-1d6b-407c-8ba2-e5c1a051929d,2026-05-02T16:38:54.438765+00:00,pure-js,Google Chrome,145.0.7632.120,Android,11.0.0,Android,mobile,[LAB] RMX3085,8,4,true,true,true,false,0.005,true,109.77,6.899,1.382,1.67,1.966
412daee5-0ec0-4b30-8367-ed76e046140d,2026-05-02T16:38:48.048726+00:00,wasm,Google Chrome,145.0.7632.120,Android,11.0.0,Android,mobile,[LAB] RMX3085,8,4,true,true,true,false,0.005,true,49.2,4.265,0.427,0.472,0.456
38008d91-c310-458f-9649-902d8c30abf8,2026-05-02T16:37:58.457726+00:00,pure-js,Firefox,145.0,Android,11,Linux armv81,mobile,[LAB],8,,true,true,true,false,0.02,true,274.73,32.413,4.886,6.118,7.27
3fa3723b-e6b0-4896-9ca4-d32afba8e026,2026-05-02T16:37:49.301632+00:00,wasm,Firefox,145.0,Android,11,Linux armv81,mobile,[LAB],8,,true,true,true,false,0.02,true,184.5,14.228,0.472,0.506,0.473
366fc7e2-7d73-470d-988f-5365f8e99950,2026-05-02T16:30:32.375705+00:00,pure-js,Google Chrome,145.0.7632.120,Android,10.0.0,Android,mobile,[LAB] SM-A515F,8,4,true,true,true,false,0.005,true,60.04,10.2,2.174,2.598,3.086
49f3a949-5186-47f5-a3da-698d295dc592,2026-05-02T16:30:26.983102+00:00,wasm,Google Chrome,145.0.7632.120,Android,10.0.0,Android,mobile,[LAB] SM-A515F,8,4,true,true,true,false,0.005,true,16.83,4.493,0.574,0.535,0.418
5f804c90-adc6-4520-9bbe-4a913d46c39e,2026-05-02T16:29:20.140908+00:00,pure-js,Google Chrome,145.0.7632.120,Android,10.0.0,Android,mobile,[LAB] M2003J15SC,8,4,true,true,true,false,0.005,true,89.05,8.386,1.771,2.034,2.414
5d3f766b-21a9-448a-8a49-8f2c944c2d55,2026-05-02T16:29:15.414598+00:00,wasm,Google Chrome,145.0.7632.120,Android,10.0.0,Android,mobile,[LAB] M2003J15SC,8,4,true,true,true,false,0.005,true,28.92,3.149,0.313,0.341,0.343
f78622ce-747c-4293-8769-4c57ed08b3ed,2026-05-02T16:28:19.147494+00:00,pure-js,Google Chrome,145.0.7632.120,Android,11.0.0,Android,mobile,[LAB] 2201117TI,8,4,true,true,true,false,0.005,true,80.13,8.296,1.831,2.081,2.563
4b8b1eda-b01c-480e-81da-9a46791c5692,2026-05-02T16:28:10.441599+00:00,wasm,Google Chrome,145.0.7632.120,Android,11.0.0,Android,mobile,[LAB] 2201117TI,8,4,true,true,true,false,0.005,true,50.9,2.506,0.239,0.271,0.293
ab22855c-57ab-4dbf-95e1-8b0d4469ca64,2026-05-02T16:17:32.992634+00:00,pure-js,Safari,18.4,iOS,18.4.1,iPhone,mobile,[LAB],4,,true,true,true,false,0.02,true,299.4,3.081,0.625,0.776,1.067
524d111e-0d28-4f50-8979-d515def911f9,2026-05-02T16:17:28.350593+00:00,wasm,Safari,18.4,iOS,18.4.1,iPhone,mobile,[LAB],4,,true,true,true,false,0.02,true,79.24,0.637,0.046,0.048,0.06
cd24e405-5be3-44c0-8a5f-b1b4a41d8af0,2026-05-02T16:16:23.985456+00:00,pure-js,Safari,26.4,iOS,18.7,iPhone,mobile,[LAB],4,,true,true,true,false,0.02,true,308.64,2.576,0.512,0.633,0.868
032fb8a7-1075-4d9c-b9a8-a86c7089d3e8,2026-05-02T16:16:19.798294+00:00,wasm,Safari,26.4,iOS,18.7,iPhone,mobile,[LAB],4,,true,true,true,false,0.02,true,420.17,0.45,0.033,0.033,0.037
d6b0c3da-2734-4429-a60a-fb5a58c335a2,2026-05-02T16:15:16.148245+00:00,pure-js,Safari,18.6,iOS,18.6,iPhone,mobile,[LAB],4,,true,true,true,false,0.02,true,549.45,2.192,0.461,0.575,0.778
e97af7ad-004d-46bd-9c08-5756566fc877,2026-05-02T16:15:12.206696+00:00,wasm,Safari,18.6,iOS,18.6,iPhone,mobile,[LAB],4,,true,true,true,false,0.02,true,537.63,0.555,0.028,0.03,0.036
45f81b0f-1ebf-4e22-a8b4-4926883b79c6,2026-05-02T16:13:48.214615+00:00,pure-js,Google Chrome,145.0.7632.120,Android,11.0.0,Android,mobile,[LAB] SM-G991B,8,8,true,true,true,false,0.005,true,250.94,2.893,0.643,0.744,0.933
6bbb5635-b493-44f6-a866-61704de8929c,2026-05-02T16:13:44.151637+00:00,wasm,Google Chrome,145.0.7632.120,Android,11.0.0,Android,mobile,[LAB] SM-G991B,8,8,true,true,true,false,0.005,true,35.45,0.822,0.079,0.089,0.086
4fb987e7-4fc8-473f-a89c-49400c2edeea,2026-05-02T16:12:42.173588+00:00,pure-js,Google Chrome,145.0.7632.120,Android,13.0.0,Android,mobile,[LAB] SM-S918B,8,8,true,true,true,false,0.005,true,161.94,2.169,0.478,0.573,0.692
a046062a-9d82-4bc4-9353-2923440a7c79,2026-05-02T16:12:37.72605+00:00,wasm,Google Chrome,145.0.7632.120,Android,13.0.0,Android,mobile,[LAB] SM-S918B,8,8,true,true,true,false,0.005,true,142.15,0.607,0.068,0.062,0.067
5ed3fa2b-f539-4374-ae10-39f0ec8ebe98,2026-05-02T16:11:27.78039+00:00,pure-js,Google Chrome,145.0.7632.120,Android,14.0.0,Android,mobile,[LAB] SM-S928B,8,8,true,true,true,false,0.005,true,467.29,1.845,0.424,0.509,0.618
3abb4dcc-9519-4266-9584-01abf5e1d966,2026-05-02T16:11:23.594676+00:00,wasm,Google Chrome,145.0.7632.120,Android,14.0.0,Android,mobile,[LAB] SM-S928B,8,8,true,true,true,false,0.005,true,184.16,0.445,0.042,0.046,0.055
961e60b9-d821-42f4-9af4-a089efeabc1b,2026-05-02T16:03:53.260237+00:00,wasm,Android WebView,147.0.7727.112,Android,16.0.0,Android,mobile,SM-M356B,8,4,true,false,true,false,0.1,true,285.71,1.166,0.114,0.154,0.114
771125a5-7500-45d2-83cc-09ae40d748e4,2026-05-02T16:03:48.927987+00:00,pure-js,Android WebView,147.0.7727.112,Android,16.0.0,Android,mobile,SM-M356B,8,4,true,false,true,false,0.1,true,285.71,3.34,0.702,0.82,1.008
f2402ccb-d375-4055-bd1d-53520340cf61,2026-05-02T16:00:00.889591+00:00,pure-js,Safari,26.2,iOS,18.7,iPhone,mobile,[LAB],4,,true,true,true,false,0.02,true,480.77,2.583,0.508,0.633,0.868
1f79c6e9-be79-4db7-a80b-c22f922c7782,2026-05-02T15:59:57.120435+00:00,wasm,Safari,26.2,iOS,18.7,iPhone,mobile,[LAB],4,,true,true,true,false,0.02,true,333.33,0.566,0.029,0.034,0.036
02d8c23c-b6cc-447c-9fc4-a7d59d49d396,2026-05-02T15:58:55.967523+00:00,pure-js,Safari,18.5,iOS,18.5,iPhone,mobile,[LAB],4,,true,true,true,false,0.02,true,217.39,2.17,0.458,0.573,0.77
174707e0-f85c-49c5-b02f-78546c13c5d7,2026-05-02T15:58:50.865771+00:00,wasm,Safari,18.5,iOS,18.5,iPhone,mobile,[LAB],4,,true,true,true,false,0.02,true,400,0.456,0.03,0.032,0.032
b154939b-41a1-461f-bae0-b5214b61897d,2026-05-02T15:57:49.482359+00:00,pure-js,Google Chrome,145.0.7632.120,Android,11.0.0,Android,mobile,[LAB] SM-G991B,8,8,true,true,true,false,0.005,true,172.71,2.832,0.622,0.749,0.902
3a533ddf-0d94-4eab-a2bb-00a6696d1ea7,2026-05-02T15:57:45.865309+00:00,wasm,Google Chrome,145.0.7632.120,Android,11.0.0,Android,mobile,[LAB] SM-G991B,8,8,true,true,true,false,0.005,true,222.72,0.928,0.103,0.095,0.098
b9ec5347-7047-4172-9dc3-ad51ab0ee826,2026-05-02T15:56:42.43808+00:00,pure-js,Google Chrome,145.0.7632.120,Android,13.0.0,Android,mobile,[LAB] SM-S918B,8,8,true,true,true,false,0.005,true,290.28,2.188,0.495,0.571,0.705
b9391ae8-00c1-499b-8a7d-ab9c42a5342c,2026-05-02T15:56:38.673268+00:00,wasm,Google Chrome,145.0.7632.120,Android,13.0.0,Android,mobile,[LAB] SM-S918B,8,8,true,true,true,false,0.005,true,333.33,0.645,0.06,0.064,0.073
6461db47-172d-4f68-be4c-625bb0d634cf,2026-05-02T15:55:42.18771+00:00,pure-js,Google Chrome,145.0.7632.120,Android,14.0.0,Android,mobile,[LAB] SM-S928B,8,8,true,true,true,false,0.005,true,196.85,1.84,0.428,0.504,0.617
e78c97cf-0aa7-4e43-8aef-da3a24378fae,2026-05-02T15:55:37.167135+00:00,wasm,Google Chrome,145.0.7632.120,Android,14.0.0,Android,mobile,[LAB] SM-S928B,8,8,true,true,true,false,0.005,true,111.86,0.444,0.052,0.046,0.055
a81b0172-4656-416e-80c6-8382e0f22d57,2026-05-02T15:43:40.268494+00:00,wasm,Brave,147.0.0.0,macOS,26.3.1,macOS,desktop,[LAB],2,8,true,true,true,false,0.005,true,252.21,0.523,0.062,0.066,0.08
7f3c3dfa-8f51-4d25-88e1-5a68e7a959b3,2026-05-02T15:02:03.416217+00:00,wasm,Google Chrome,145.0.7632.120,Android,11.0.0,Android,mobile,[LAB] Pixel 5,8,8,true,true,true,false,0.005,true,83.58,2.178,0.172,0.186,0.19
a46f0c32-7951-4605-961e-a95032bb0c7c,2026-05-02T15:01:58.984681+00:00,pure-js,Google Chrome,145.0.7632.120,Android,11.0.0,Android,mobile,[LAB] Pixel 5,8,8,true,true,true,false,0.005,true,154.92,5.691,1.168,1.33,1.603
2d256fcc-3a8d-47a4-9fff-cea5b4b544a8,2026-05-02T14:54:19.616225+00:00,pure-js,Google Chrome,145.0.7632.120,Android,15.0.0,Android,mobile,[LAB] RMX5070,8,4,true,true,true,false,0.005,true,75.7,4.289,0.936,1.079,1.353
6e061f59-b8a4-4d80-abe0-b476d1c40d17,2026-05-02T14:54:13.267598+00:00,wasm,Google Chrome,145.0.7632.120,Android,15.0.0,Android,mobile,[LAB] RMX5070,8,4,true,true,true,false,0.005,true,133.51,1.808,0.18,0.202,0.188
11df945b-df3e-4ee9-b05e-4c1d1b8c9053,2026-05-02T14:48:53.258076+00:00,pure-js,Brave,147.0.0.0,macOS,26.3.1,macOS,desktop,[LAB],2,8,true,true,true,false,0.005,true,261.78,2.403,0.581,0.665,0.82
a98893c4-b078-433a-9619-2043986c49d6,2026-05-02T14:48:47.37116+00:00,wasm,Brave,147.0.0.0,macOS,26.3.1,macOS,desktop,[LAB],2,8,true,true,true,false,0.005,true,207.25,0.515,0.062,0.066,0.075
77062c99-d25a-425b-9fe5-31db3e9b5b04,2026-05-02T14:30:58.84667+00:00,pure-js,Android WebView,147.0.7727.131,Android,14.0.0,Android,mobile,SM-G990U3,8,4,true,false,true,false,0.1,true,185.19,3.906,0.906,1.026,1.212
3de0bd89-b16f-43f6-883b-d6c3906106f1,2026-05-02T14:30:46.986427+00:00,wasm,Android WebView,147.0.7727.131,Android,14.0.0,Android,mobile,SM-G990U3,8,4,true,false,true,false,0.1,true,232.56,1.414,0.162,0.156,0.204
4c4c74f9-790a-4730-a796-a39a6b99b9d3,2026-05-02T14:30:43.181472+00:00,pure-js,Android WebView,147.0.7727.131,Android,14.0.0,Android,mobile,SM-G990U3,8,4,true,false,true,false,0.1,true,200,3.608,0.84,0.952,1.128
93bfcdbd-f346-492a-bfb7-7407a49b6dc2,2026-05-02T14:30:32.275848+00:00,pure-js,Android WebView,147.0.7727.131,Android,14.0.0,Android,mobile,SM-G990U3,8,4,true,false,true,false,0.1,true,185.19,4.904,1.134,1.29,1.51
02372938-b6b6-40ca-b642-5d63df6f7c60,2026-05-02T14:30:26.982458+00:00,wasm,Android WebView,147.0.7727.131,Android,14.0.0,Android,mobile,SM-G990U3,8,4,true,false,true,false,0.1,true,151.52,1.408,0.15,0.142,0.168
345a88c8-a224-4078-82c4-65f570378cf9,2026-05-02T14:24:17.840413+00:00,wasm,Brave,147.0.0.0,macOS,26.3.1,macOS,desktop,,2,8,true,true,true,false,0.005,true,285.31,0.518,0.06,0.065,0.069
773eb442-afaf-4a94-9faf-1a01c38741ee,2026-05-02T14:24:14.382997+00:00,pure-js,Brave,147.0.0.0,macOS,26.3.1,macOS,desktop,[LAB],2,8,true,true,true,false,0.005,true,206.61,2.458,0.596,0.679,0.843
2840b5e4-5573-4d83-9490-ddbd5a0717be,2026-05-02T14:24:06.87519+00:00,pure-js,Brave,147.0.0.0,macOS,26.3.1,macOS,desktop,,2,8,true,true,true,false,0.005,true,281.69,2.404,0.588,0.667,0.824
9d5315da-f8d5-497b-a698-d66bc8ba6797,2026-05-02T14:24:01.76401+00:00,wasm,Brave,147.0.0.0,macOS,26.3.1,macOS,desktop,[LAB],2,8,true,true,true,false,0.005,true,175.44,0.519,0.063,0.064,0.075
3e6eb0bb-99b0-422d-8453-831de0da5de5,2026-05-02T14:01:42.52515+00:00,wasm,Google Chrome,147.0.7727.111,Android,13.0.0,Android,mobile,NTH-NX9,8,8,true,true,true,false,0.005,true,177.3,1.124,0.111,0.117,0.114
ae1659af-2b14-4d0b-8102-7ea6ed10278d,2026-05-02T14:01:39.536791+00:00,pure-js,Google Chrome,147.0.7727.111,Android,13.0.0,Android,mobile,NTH-NX9,8,8,true,true,true,false,0.005,false,83.86,6.429,1.481,1.748,2.104
1b271b0e-2483-4b16-88cc-dd9f1ec4f764,2026-05-02T14:01:38.82324+00:00,pure-js,Google Chrome,147.0.7727.111,Android,13.0.0,Android,mobile,NTH-NX9,8,8,true,true,true,false,0.005,true,167.93,3.524,0.746,0.869,1.034
47eca1a6-83c0-4af1-8e6e-67d29833cc9c,2026-05-02T14:00:36.418449+00:00,pure-js,Brave,147.0.0.0,macOS,26.3.1,macOS,desktop,,2,8,true,true,true,false,0.005,true,284.9,2.382,0.579,0.662,0.817
90fe85ac-4ed8-403d-b109-5112bcbc4493,2026-05-02T14:00:31.24037+00:00,wasm,Brave,147.0.0.0,macOS,26.3.1,macOS,desktop,,2,8,true,true,true,false,0.005,true,284.9,0.518,0.062,0.065,0.075
1b283932-2bfa-44c8-8f46-8bab225be4dc,2026-05-02T13:58:45.462721+00:00,wasm,Google Chrome,147.0.7727.111,Android,13.0.0,Android,mobile,NTH-NX9,8,8,true,true,true,false,0.005,true,182.48,1.103,0.105,0.114,0.117
58bf87b9-f287-42f1-b4b4-8e9439d19c4b,2026-05-02T13:44:40.083818+00:00,wasm,Android WebView,147.0.7727.112,Android,16.0.0,Android,mobile,SM-M356B,8,4,true,false,true,false,0.1,true,156.25,1.364,0.16,0.144,0.106
fa5ea533-df60-4c4b-9b50-fd9bfdb3e0c6,2026-05-02T13:44:35.358665+00:00,wasm,Android WebView,147.0.7727.112,Android,16.0.0,Android,mobile,SM-M356B,8,4,true,false,true,false,0.1,true,126.58,1.438,0.15,0.236,0.122
8a85d26d-edf3-4df7-86d3-dc33e583d18c,2026-05-02T13:44:34.148252+00:00,wasm,Android WebView,147.0.7727.112,Android,16.0.0,Android,mobile,SM-M356B,8,4,true,false,true,false,0.1,true,294.12,1.154,0.134,0.122,0.11
501a46ea-a52b-41ea-814c-86152391ddf1,2026-05-02T13:33:31.561201+00:00,pure-js,unknown,unknown,iOS,26.3.1,iPhone,mobile,,4,,true,true,true,false,0.02,true,128.53,4.648,0.862,1.067,1.49
64cc5d51-9073-4fc5-9d5e-c53a8c3b31f9,2026-05-02T13:33:26.860202+00:00,wasm,unknown,unknown,iOS,26.3.1,iPhone,mobile,,4,,true,true,true,false,0.02,true,198.41,1.13,0.058,0.059,0.063
7cb381ad-0f8b-4f1f-a940-fde773e62d51,2026-05-02T13:23:46.371983+00:00,wasm,unknown,unknown,iOS,26.3.1,iPhone,mobile,,4,,true,true,true,false,0.02,true,268.82,1.141,0.057,0.059,0.066
4f32c47f-6e97-4721-be2c-110209c959ab,2026-05-02T13:23:42.028943+00:00,pure-js,unknown,unknown,iOS,26.3.1,iPhone,mobile,,4,,true,true,true,false,0.02,true,159.74,4.518,0.868,1.072,1.484
09f4099d-6fb1-450b-ab7d-831e3949bc18,2026-05-02T13:23:04.716626+00:00,pure-js,unknown,unknown,iOS,26.3.1,iPhone,mobile,,4,,true,true,true,false,0.02,true,146.63,4.564,0.867,1.072,1.489
8f3d847a-867e-4b92-967c-54cd2aea25f2,2026-05-02T13:22:59.3056+00:00,wasm,unknown,unknown,iOS,26.3.1,iPhone,mobile,,4,,true,true,true,false,0.02,true,195.31,1.28,0.067,0.06,0.064
d5946a08-6ec3-4e92-9e96-ada83781586e,2026-05-02T12:08:52.358101+00:00,pure-js,Android WebView,147.0.7727.131,Android,15.0.0,Android,mobile,CPH2687,8,8,true,false,true,false,0.1,true,142.86,11.43,2.41,2.794,3.238
d1342b14-1d04-4de1-b16e-75e2e6b66be8,2026-05-02T12:08:34.191128+00:00,wasm,Android WebView,147.0.7727.131,Android,15.0.0,Android,mobile,CPH2687,8,8,true,false,true,false,0.1,true,96.15,2.398,0.264,0.274,0.294
0850d4ba-455e-4a60-ad8a-a486616bbffd,2026-05-02T12:08:30.158845+00:00,pure-js,Android WebView,147.0.7727.131,Android,15.0.0,Android,mobile,CPH2687,8,8,true,false,true,false,0.1,true,121.95,8.142,1.778,2.024,2.434
8e8d29e5-e8e0-4160-a49f-94b514660f00,2026-05-02T12:08:26.684295+00:00,pure-js,Android WebView,147.0.7727.131,Android,15.0.0,Android,mobile,CPH2687,8,8,true,false,true,false,0.1,true,52.63,8.554,1.832,2.166,2.554
1c7854d8-fda3-468f-b001-c1edb3a65941,2026-05-02T12:08:19.659781+00:00,wasm,Android WebView,147.0.7727.131,Android,15.0.0,Android,mobile,CPH2687,8,8,true,false,true,false,0.1,true,93.46,2.872,0.408,0.338,0.324
427afc35-0767-4ed7-86bd-45284c8c100e,2026-05-02T10:10:28.783149+00:00,pure-js,Samsung Internet,29.0.1.12,Android,14.0.0,Android,mobile,SM-E236B,8,4,true,true,true,false,0.005,true,213.68,8.829,0.986,1.278,1.432
ec0998cb-f4ec-4a1c-8edb-2291d126278a,2026-05-02T10:10:21.622277+00:00,wasm,Samsung Internet,29.0.1.12,Android,14.0.0,Android,mobile,SM-E236B,8,4,true,true,true,false,0.005,true,142.76,7.793,0.207,0.264,0.18
9bf932b1-8649-4a73-888c-8fb68f3f1c6b,2026-05-02T05:44:26.872133+00:00,pure-js,Android WebView,147.0.7727.131,Android,16.0.0,Android,mobile,CPH2631,8,8,true,false,true,false,0.1,true,128.21,7.748,1.728,1.97,2.378
eef30098-560f-43f7-a66d-3dd97bcfdcc4,2026-05-02T05:44:20.539085+00:00,wasm,Android WebView,147.0.7727.131,Android,16.0.0,Android,mobile,CPH2631,8,8,true,false,true,false,0.1,true,125,2.46,0.252,0.272,0.378
da42fcff-e5b1-4eb5-a246-edaa582e38db,2026-05-02T05:25:50.587405+00:00,pure-js,Google Chrome,147.0.7727.116,Linux,unknown,Linux,desktop,,2,32,true,true,true,false,0.005,false,80.61,7.685,1.981,2.228,2.767
091c52c3-3857-425f-83e4-4f3b7aca9ad6,2026-05-02T05:25:33.900141+00:00,wasm,Chrome,139.0.0.0,Windows,10.0,,desktop,,8,4,true,true,true,false,0.005,true,241.84,1.028,0.153,0.136,0.16
6f988583-7457-4790-8624-86c318bfb8b2,2026-05-02T05:25:28.328383+00:00,pure-js,Chrome,147.0.0.0,Android,10,,mobile,,2,32,true,true,true,false,0.005,false,69.4,8.334,2.104,2.47,3.046
8afc8c83-429e-44ad-aea5-15691bfd3136,2026-05-02T05:25:27.584864+00:00,pure-js,Chrome,139.0.0.0,Windows,10.0,,desktop,,8,4,true,true,true,false,0.005,true,243.9,3.89,0.962,1.081,1.247
50cc9132-ebf2-4cb7-bf97-1f0e7c68c53f,2026-05-02T05:23:41.270826+00:00,wasm,Android WebView,147.0.7727.131,Android,15.0.0,Android,mobile,24117RN76G,8,8,true,false,true,false,0.1,true,100,3.61,0.274,0.442,0.328
ac10684d-541d-4859-bf62-74ad1a4b9bef,2026-05-02T05:22:32.973283+00:00,wasm,Android WebView,147.0.7727.131,Android,15.0.0,Android,mobile,24117RN76G,8,8,true,false,true,false,0.1,true,45.45,4.924,0.35,0.458,0.352
8a50ab0d-a7d1-447b-baef-93836433b7be,2026-05-02T05:04:34.64622+00:00,pure-js,unknown,unknown,iOS,18.7,iPhone,mobile,,3,,true,true,true,false,0.02,true,225.23,4.996,0.866,1.082,1.505
9bcebf1a-d87b-4c6c-97e3-02332c6b9c16,2026-05-02T05:04:28.710171+00:00,wasm,unknown,unknown,iOS,18.7,iPhone,mobile,,3,,true,true,true,false,0.02,true,268.82,1.336,0.061,0.058,0.066
0644b96d-4a27-4415-a116-6c2a7da133b3,2026-05-02T04:51:58.811927+00:00,pure-js,Safari,26.4,iOS,18.7,iPhone,mobile,,4,,true,true,true,false,0.02,true,202.43,2.223,0.44,0.554,0.756
2ea402c1-c8f2-4f3a-8f0b-0910245a3f78,2026-05-02T04:51:52.052249+00:00,wasm,Safari,26.4,iOS,18.7,iPhone,mobile,,4,,true,true,true,false,0.02,true,476.19,0.633,0.028,0.028,0.034
0ed5706b-3b21-415e-88be-983ac53ab91d,2026-05-02T04:06:08.460076+00:00,wasm,unknown,unknown,iOS,26.2,iPhone,mobile,,4,,true,true,true,false,0.02,true,393.7,0.479,0.035,0.038,0.041
07785022-59c3-407a-9d64-7e9554444829,2026-05-01T22:21:17.948968+00:00,pure-js,Safari,26.2,iOS,18.7,iPhone,mobile,,4,,true,true,true,false,0.02,true,179.86,2.193,0.398,0.496,0.673
e8782581-fd56-415e-be86-defd0bd3f250,2026-05-01T22:21:12.600983+00:00,wasm,Safari,26.2,iOS,18.7,iPhone,mobile,,4,,true,true,true,false,0.02,true,485.44,0.423,0.023,0.031,0.029
2988536a-b0c1-44ab-95c9-71a09247db75,2026-05-01T20:50:42.42007+00:00,pure-js,Android WebView,147.0.7727.105,Android,16.0.0,Android,mobile,CPH2631,8,8,true,false,true,false,0.1,true,117.65,7.524,1.656,1.918,2.35
9790da6a-acef-4d37-9654-2b7c3c89a254,2026-05-01T20:50:35.397634+00:00,wasm,Android WebView,147.0.7727.105,Android,16.0.0,Android,mobile,CPH2631,8,8,true,false,true,false,0.1,true,66.67,3.006,0.322,0.344,0.328
aa75e3b8-96cd-4b73-99a6-8eb3ada777d1,2026-05-01T20:33:25.643298+00:00,wasm,Android WebView,147.0.7727.131,Android,16.0.0,Android,mobile,SM-S721B,10,8,true,false,true,false,0.1,true,178.57,0.548,0.052,0.062,0.08
aaa2bb60-723d-4019-8531-66a0e54d3445,2026-05-01T20:33:05.570191+00:00,pure-js,Android WebView,147.0.7727.131,Android,16.0.0,Android,mobile,SM-S721B,10,8,true,false,true,false,0.1,true,434.78,1.924,0.49,0.518,0.626
dae01adc-1d2c-4004-aed2-63c314416314,2026-05-01T20:33:01.190917+00:00,wasm,Android WebView,147.0.7727.131,Android,16.0.0,Android,mobile,SM-S721B,10,8,true,false,true,false,0.1,true,357.14,0.422,0.054,0.042,0.062
d9b7a032-610c-45f3-8c83-65663e1b75f0,2026-05-01T20:32:27.763783+00:00,pure-js,unknown,unknown,iOS,26.3.1,iPhone,mobile,,4,,true,true,true,false,0.02,false,186.57,4.444,0.847,1.059,1.488
3a105721-43b6-4f57-a13f-2d2b61db1b0d,2026-05-01T20:32:21.576893+00:00,wasm,unknown,unknown,iOS,26.3.1,iPhone,mobile,,4,,true,true,true,false,0.02,true,176.06,1.36,0.059,0.061,0.072
4a452abb-d821-4554-b3ae-d02ac3cef7db,2026-05-01T20:30:06.110788+00:00,pure-js,Android WebView,147.0.7727.131,Android,16.0.0,Android,mobile,SM-S721B,10,8,true,false,true,false,0.1,true,384.62,2.074,0.604,0.538,0.632
4a3dd4b4-fbb8-467c-b47d-01f60f95b049,2026-05-01T20:29:59.723376+00:00,wasm,Android WebView,147.0.7727.131,Android,16.0.0,Android,mobile,SM-S721B,10,8,true,false,true,false,0.1,true,400,0.428,0.038,0.06,0.064
ce6c329b-1b41-4e8d-8363-1465cfd58817,2026-05-01T20:25:32.9401+00:00,pure-js,unknown,unknown,iOS,26.2.1,iPhone,mobile,,4,,true,true,true,false,0.02,true,150.15,2.981,0.608,0.764,1.061
5526ce72-b4f0-4c55-856a-cadb91d9de47,2026-05-01T20:25:27.380797+00:00,wasm,unknown,unknown,iOS,26.2.1,iPhone,mobile,,4,,true,true,true,false,0.02,true,84.03,0.727,0.042,0.043,0.046
f216c5e6-f301-4dd0-9d14-3cd55dcb2c65,2026-05-01T20:04:57.033701+00:00,wasm,unknown,unknown,iOS,18.7,iPhone,mobile,,4,,true,true,true,false,0.02,true,271.74,1.288,0.058,0.058,0.066
15624aaf-c4e1-400d-97e7-0161459d40ab,2026-05-01T20:04:53.520067+00:00,pure-js,unknown,unknown,iOS,18.7,iPhone,mobile,,4,,true,true,true,false,0.02,true,362.32,4.616,0.891,1.067,1.471
e6dfe53c-54fc-45b8-8e80-d99cb39f63db,2026-05-01T20:04:51.731832+00:00,pure-js,unknown,unknown,iOS,18.7,iPhone,mobile,,4,,true,true,true,false,0.02,true,284.09,4.621,0.875,1.086,1.486
ff575532-c4b5-4670-a7ce-5b7ad7fbd4eb,2026-05-01T20:04:47.739798+00:00,wasm,unknown,unknown,iOS,18.7,iPhone,mobile,,4,,true,true,true,false,0.02,true,246.31,1.267,0.062,0.061,0.069
fd3f1f80-6fc5-4d37-acae-65104487791f,2026-05-01T20:04:33.272729+00:00,pure-js,unknown,unknown,iOS,18.7,iPhone,mobile,,4,,true,true,true,false,0.02,true,303.03,4.763,0.928,1.09,1.496
4ed69efe-d285-4d48-b1bd-c94874b06c85,2026-05-01T20:04:28.811114+00:00,wasm,unknown,unknown,iOS,18.7,iPhone,mobile,,4,,true,true,true,false,0.02,true,301.2,1.268,0.064,0.061,0.067
0986986e-e9f9-40d5-a9ee-f2797d62f703,2026-05-01T20:03:08.324343+00:00,pure-js,unknown,unknown,iOS,18.7,iPhone,mobile,,4,,true,true,true,false,0.02,true,127.23,4.596,0.874,1.072,1.472
09c2b066-51cc-4bc3-affd-3d7793422558,2026-05-01T20:03:01.303065+00:00,wasm,unknown,unknown,iOS,18.7,iPhone,mobile,,4,,true,true,true,false,0.02,true,181.82,1.42,0.074,0.064,0.071
cc4864ce-749b-49e3-98e3-2f849b77c2ac,2026-05-01T19:44:21.819063+00:00,pure-js,Android WebView,147.0.7727.131,Android,16.0.0,Android,mobile,SM-A065F,8,4,true,false,true,false,0.1,true,128.21,7.596,1.554,1.914,2.178
c75ccf24-7371-41b3-8fe2-a682de86017f,2026-05-01T19:44:16.564632+00:00,wasm,Android WebView,147.0.7727.131,Android,16.0.0,Android,mobile,SM-A065F,8,4,true,false,true,false,0.1,true,18.52,5.708,0.684,0.588,0.512
a9016fc0-d099-4ebd-83a2-65464ddd758a,2026-05-01T19:42:49.657353+00:00,pure-js,Google Chrome,147.0.7727.138,Windows,19.0.0,Windows,desktop,,12,16,true,true,true,false,0.005,true,437.64,2.202,0.535,0.592,0.73
34aba9fd-c97d-4a55-8e40-2d179210616e,2026-05-01T19:42:45.918963+00:00,wasm,Google Chrome,147.0.7727.138,Windows,19.0.0,Windows,desktop,,12,16,true,true,true,false,0.005,true,400,0.58,0.07,0.089,0.086
6ab6e691-b108-4ec4-a058-119c98824148,2026-05-01T19:42:11.850029+00:00,wasm,Google Chrome,147.0.7727.116,Linux,unknown,Linux,desktop,,4,32,true,true,true,false,0.005,false,192.31,1.256,0.144,0.159,0.176
970c4b1f-09f5-4d9d-a975-e819ac1b6a0f,2026-05-01T19:42:10.584327+00:00,wasm,Google Chrome,147.0.7727.116,Linux,unknown,Linux,desktop,,2,32,true,true,true,false,0.005,false,87.76,1.029,0.12,0.15,0.138
be376be3-1656-4e61-a8f9-5f098e1e3d02,2026-05-01T19:42:03.842039+00:00,pure-js,Google Chrome,147.0.7727.138,Windows,19.0.0,Windows,desktop,,12,16,true,true,true,false,0.005,true,423.73,2.18,0.517,0.588,0.719
625bf404-37d6-403f-b6a3-cdcb7e5c4368,2026-05-01T19:41:59.008786+00:00,wasm,Google Chrome,147.0.7727.138,Windows,19.0.0,Windows,desktop,,12,16,true,true,true,false,0.005,true,386.1,0.609,0.074,0.079,0.105
74c530a6-f372-4534-b986-cf72168b8837,2026-05-01T19:41:50.312234+00:00,wasm,Chrome,139.0.0.0,Windows,10.0,,desktop,,4,32,true,true,true,false,0.005,false,82.51,0.916,0.114,0.117,0.139
3b99d909-e7a6-45a7-9f6a-df1a3d6951cb,2026-05-01T19:41:49.056562+00:00,wasm,Chrome,147.0.0.0,Android,10,,mobile,,2,32,true,true,true,false,0.005,false,85.54,1.502,0.19,0.192,0.227
5d2ca152-3817-4713-b2a9-1393cc330733,2026-05-01T18:29:15.141742+00:00,pure-js,Safari,26.2,iOS,18.7,iPhone,mobile,,4,,true,true,true,false,0.02,true,216.45,2.007,0.402,0.508,0.686
fab90c29-365e-4db8-a4ca-b4232a77f52c,2026-05-01T18:29:01.719305+00:00,wasm,Safari,26.2,iOS,18.7,iPhone,mobile,,4,,true,true,true,false,0.02,true,438.6,0.655,0.031,0.029,0.032
0ded3a4d-b699-4e9a-8ad3-953688f31371,2026-05-01T17:22:27.048634+00:00,wasm,Firefox,150.0,Windows,10.0,Win32,desktop,,16,,true,true,true,false,0.02,true,609.76,11.723,0.106,0.155,0.124
b5d918a9-f79d-44e0-a900-79b8a40d88aa,2026-05-01T17:22:21.449262+00:00,pure-js,Firefox,150.0,Windows,10.0,Win32,desktop,,16,,true,true,true,false,0.02,true,617.28,14.596,0.784,1.181,1.049
27339d37-ed31-4df5-a09b-f502d1ddd1b4,2026-05-01T17:20:25.454512+00:00,pure-js,Firefox,150.0,Windows,10.0,Win32,desktop,,16,,true,true,true,false,0.02,true,625,13.7,0.764,1.165,1.098
fd9ce8aa-f17b-408a-b228-3810c08865f1,2026-05-01T17:20:19.045403+00:00,wasm,Firefox,150.0,Windows,10.0,Win32,desktop,,16,,true,true,true,false,0.02,true,602.41,11.523,0.139,0.199,0.144
59d39f6b-fe4a-478d-87a6-b34159f4131e,2026-05-01T17:20:06.755202+00:00,pure-js,Firefox,150.0,Windows,10.0,Win32,desktop,,16,,true,true,true,false,0.02,true,568.18,14.459,0.794,1.25,1.137
8319f738-affa-43c7-ad78-8eaba1745918,2026-05-01T17:20:00.825929+00:00,wasm,Firefox,150.0,Windows,10.0,Win32,desktop,,16,,true,true,true,false,0.02,true,561.8,8.86,0.12,0.172,0.146
0dfa8474-0cd3-4b84-8895-87c52b7f6f0e,2026-05-01T17:19:57.248164+00:00,wasm,Firefox,150.0,Windows,10.0,Win32,desktop,,16,,true,true,true,false,0.02,true,561.8,9.93,0.123,0.189,0.138
0b97baa1-eec0-4229-a618-e5e226908e7e,2026-05-01T17:19:52.269161+00:00,pure-js,Firefox,150.0,Windows,10.0,Win32,desktop,,16,,true,true,true,false,0.02,true,657.89,12.646,0.799,1.28,1.125
90698a73-4665-4d8b-b4cd-6506460a8cfd,2026-05-01T17:19:19.335182+00:00,pure-js,Firefox,150.0,Windows,10.0,Win32,desktop,,16,,true,true,true,false,0.02,true,641.03,11.895,0.78,1.271,1.122
d3d1bf3e-6a5b-4854-bd80-d150020def31,2026-05-01T17:19:13.855504+00:00,wasm,Firefox,150.0,Windows,10.0,Win32,desktop,,16,,true,true,true,false,0.02,true,595.24,7.985,0.14,0.199,0.16
501e89ac-20e5-4d9a-9945-f35081fdd37a,2026-05-01T17:18:49.626662+00:00,pure-js,Firefox,150.0,Windows,10.0,Win32,desktop,,16,,true,true,true,false,0.02,true,609.76,10.415,0.802,1.165,1.194
89309e44-96d9-489d-8cee-50b28cdbcb7f,2026-05-01T17:18:44.145977+00:00,wasm,Firefox,150.0,Windows,10.0,Win32,desktop,,16,,true,true,true,false,0.02,true,625,6.742,0.129,0.182,0.136
94a0efff-09b1-4e8a-a728-07add9a2002d,2026-05-01T17:17:52.505565+00:00,wasm,Firefox,150.0,Windows,10.0,Win32,desktop,,16,,true,true,true,false,0.02,true,666.67,6.208,0.119,0.168,0.132
79814f65-44f1-4fdf-9fa8-35406364fdea,2026-05-01T17:17:46.619804+00:00,pure-js,Firefox,150.0,Windows,10.0,Win32,desktop,,16,,true,true,true,false,0.02,true,625,8.632,0.778,1.091,1.155
689daa74-98b2-4a29-a241-76f2700a5651,2026-05-01T17:17:22.679569+00:00,wasm,Firefox,150.0,Windows,10.0,Win32,desktop,,16,,true,true,true,false,0.02,true,625,4.068,0.113,0.144,0.141
201a2b1b-f965-4672-8f46-08779a3defcb,2026-05-01T17:17:17.455963+00:00,pure-js,Firefox,150.0,Windows,10.0,Win32,desktop,,16,,true,true,true,false,0.02,true,625,6.55,0.778,0.904,1.026
9002feb7-7296-4875-8c5f-8b28f0981435,2026-05-01T17:17:11.132669+00:00,pure-js,Firefox,150.0,Windows,10.0,Win32,desktop,,16,,true,true,true,false,0.02,true,574.71,5.548,0.823,0.953,0.977
52213118-6f7c-4924-bd5f-804d3f270000,2026-05-01T17:17:03.609048+00:00,wasm,Firefox,150.0,Windows,10.0,Win32,desktop,,16,,true,true,true,false,0.02,true,625,1.766,0.099,0.114,0.102
f24bdea0-1665-4112-b4d4-f438c4e0683c,2026-05-01T17:11:06.693695+00:00,pure-js,Google Chrome,147.0.7727.103,Windows,19.0.0,Windows,desktop,,12,8,true,true,true,false,0.005,true,292.83,3.201,0.731,0.847,1.044
59014e15-8b1e-4271-87e6-85417790b10f,2026-05-01T17:11:00.754584+00:00,wasm,Google Chrome,147.0.7727.103,Windows,19.0.0,Windows,desktop,,12,8,true,true,true,false,0.005,true,378.07,0.58,0.07,0.07,0.1
459a8e68-d7a9-487d-8340-1ede3b52c100,2026-05-01T15:56:33.258122+00:00,pure-js,unknown,unknown,iOS,18.7,iPhone,mobile,,2,,true,true,true,false,0.02,true,240.38,5.522,0.987,1.217,1.698
4f6f72e2-c759-4eba-8239-f216f1ebf6e0,2026-05-01T15:56:26.941396+00:00,wasm,unknown,unknown,iOS,18.7,iPhone,mobile,,2,,true,true,true,false,0.02,true,179.21,1.635,0.086,0.088,0.098
054a7e65-101f-4fee-83c9-da866e1438ff,2026-05-01T15:44:06.398055+00:00,pure-js,Brave,147.0.0.0,macOS,26.3.1,macOS,desktop,,2,8,true,true,true,false,0.005,true,166.94,2.397,0.588,0.673,0.82
2eac6487-e317-409c-95d9-31e809d14fe0,2026-05-01T15:44:00.654387+00:00,wasm,Brave,147.0.0.0,macOS,26.3.1,macOS,desktop,,2,8,true,true,true,false,0.005,true,283.29,0.52,0.063,0.067,0.075
49ec9ffc-2188-47e5-92e5-80b0e1292f2e,2026-05-01T15:43:58.478919+00:00,pure-js,Android WebView,147.0.7727.111,Android,12.0.0,Android,mobile,SM-G975F,8,8,true,false,true,false,0.1,true,140.85,4.59,1.012,1.204,1.494
0351cc22-a71a-4236-90e4-d981777be079,2026-05-01T15:43:06.885261+00:00,wasm,Android WebView,147.0.7727.111,Android,12.0.0,Android,mobile,SM-G975F,8,8,true,false,true,false,0.1,true,85.47,1.342,0.14,0.142,0.168
a46e92aa-4075-40da-b550-90daa757970b,2026-05-01T15:43:02.554668+00:00,pure-js,Android WebView,147.0.7727.111,Android,12.0.0,Android,mobile,SM-G975F,8,8,true,false,true,false,0.1,true,131.58,4.7,1.042,1.216,1.55
60bcc6ce-1693-49db-b042-70b7c493aea2,2026-05-01T15:42:39.60355+00:00,pure-js,Android WebView,147.0.7727.111,Android,12.0.0,Android,mobile,SM-G975F,8,8,true,false,true,false,0.1,true,103.09,4.624,1.016,1.228,1.482
8aebc7c6-da10-4218-bef3-0f04a317a5a3,2026-05-01T15:42:32.502961+00:00,wasm,Android WebView,147.0.7727.111,Android,12.0.0,Android,mobile,SM-G975F,8,8,true,false,true,false,0.1,true,80,1.372,0.12,0.216,0.164
94756ff0-4790-4c41-9163-f6e8ec64fecc,2026-05-01T15:34:50.217913+00:00,wasm,Brave,147.0.0.0,macOS,26.3.1,macOS,desktop,,2,8,true,true,true,false,0.005,true,286.12,0.517,0.059,0.065,0.07
5f72a01b-f849-43af-b8de-2abf15593409,2026-05-01T15:34:35.645562+00:00,pure-js,Brave,147.0.0.0,macOS,26.3.1,macOS,desktop,,2,8,true,true,true,false,0.005,true,271.37,2.402,0.584,0.668,0.826
23f3ef91-4f18-4c11-bcf1-1dc9e2d973fb,2026-05-01T15:34:30.538952+00:00,pure-js,Brave,147.0.0.0,macOS,26.3.1,macOS,desktop,,2,8,true,true,true,false,0.005,true,273.6,2.4,0.586,0.668,0.826
75076c2f-d045-42e1-a435-23945bb97626,2026-05-01T15:34:24.878403+00:00,wasm,Brave,147.0.0.0,macOS,26.3.1,macOS,desktop,,2,8,true,true,true,false,0.005,true,177.78,0.522,0.062,0.065,0.075
dad6a484-5445-4934-85f7-76d5c5febe6b,2026-05-01T15:01:54.965686+00:00,wasm,Brave,147.0.0.0,macOS,26.3.1,macOS,desktop,,2,8,true,true,true,false,0.005,true,259.4,0.509,0.061,0.064,0.074
24f1a9e3-7f80-470e-8e90-897a03c227b3,2026-05-01T12:33:28.567649+00:00,wasm,Brave,147.0.0.0,macOS,26.3.1,macOS,desktop,,2,8,true,true,true,false,0.005,true,207.04,0.52,0.062,0.065,0.075
1a646977-d6e6-4d8f-95c0-358dc319a994,2026-05-01T12:20:42.272455+00:00,pure-js,Brave,147.0.0.0,macOS,26.3.1,macOS,desktop,,2,8,true,true,true,false,0.005,true,264.55,2.436,0.585,0.689,0.828
eaf37471-0ba7-4f46-9e95-408860fd77b0,2026-05-01T12:20:39.360479+00:00,wasm,Brave,147.0.0.0,macOS,26.3.1,macOS,desktop,,2,8,true,true,true,false,0.005,true,165.43,0.521,0.063,0.065,0.076
641e1ef5-4d8f-47f5-b78c-284abfd3e3cb,2026-05-01T12:09:33.190487+00:00,wasm,Brave,147.0.0.0,macOS,26.3.1,macOS,desktop,,2,8,true,true,true,false,0.005,true,85.8,1.309,0.151,0.162,0.203
9518ff92-1c99-4b1c-9f28-36f62edd6ddf,2026-05-01T11:46:16.390285+00:00,wasm,Firefox,128.0,Windows,10.0,Linux x86_64,desktop,,96,,true,true,true,false,0.02,true,543.48,2.951,0.329,0.381,0.44
5f945f2d-4f5f-46c6-b95c-74d412e4dcd4,2026-05-01T11:37:35.088358+00:00,pure-js,Brave,147.0.0.0,macOS,26.3.1,macOS,desktop,,7,4,true,true,true,false,0.005,true,276.24,2.441,0.594,0.677,0.849
8fe19e0c-d962-438b-bb5a-57eec4848876,2026-05-01T11:36:55.231092+00:00,wasm,Brave,147.0.0.0,macOS,26.3.1,macOS,desktop,,2,8,true,true,true,false,0.005,true,283.29,0.512,0.062,0.065,0.075
3da9ab92-bfb1-47ef-99c4-626a8b8018d9,2026-05-01T11:25:18.114285+00:00,wasm,Brave,147.0.0.0,macOS,26.3.1,macOS,desktop,,2,8,true,true,true,false,0.005,true,218.82,0.512,0.058,0.065,0.068
cb6c2ae6-40d2-46b6-98f1-39d7d0227f29,2026-05-01T11:25:17.679336+00:00,wasm,Brave,147.0.0.0,macOS,26.3.1,macOS,desktop,,2,8,true,true,true,false,0.005,true,236.41,0.523,0.062,0.067,0.077
0b78e79f-c5f5-4636-9d50-44c71463dd81,2026-05-01T11:16:04.984537+00:00,wasm,Brave,147.0.0.0,macOS,26.3.1,macOS,desktop,,2,8,true,true,true,false,0.005,true,207.68,0.52,0.062,0.065,0.08
c3d29300-6d7b-4730-ac98-9a66c7696e35,2026-05-01T10:51:23.117266+00:00,pure-js,Brave,147.0.0.0,macOS,26.3.1,macOS,desktop,,2,8,true,true,true,false,0.005,true,163.53,2.405,0.583,0.677,0.819
616bb442-ed42-4763-a60a-d4af287dd01b,2026-05-01T10:51:19.948006+00:00,wasm,Brave,147.0.0.0,macOS,26.3.1,macOS,desktop,,2,8,true,true,true,false,0.005,true,267.02,0.516,0.061,0.065,0.076
d996b389-85fa-4fb1-a354-e04e7c8ededc,2026-05-01T10:50:52.724178+00:00,wasm,Brave,147.0.0.0,macOS,26.3.1,macOS,desktop,,2,8,true,true,true,false,0.005,true,280.11,0.512,0.062,0.065,0.075
80138e91-c315-4f42-a782-2fbba03c448a,2026-05-01T10:50:41.29655+00:00,wasm,Brave,147.0.0.0,macOS,26.3.1,macOS,desktop,,2,8,true,true,true,false,0.005,true,254.13,0.503,0.058,0.064,0.069
893a5fae-2b65-4ec0-87fc-f09c0ccb94d0,2026-05-01T10:50:40.001371+00:00,wasm,Brave,147.0.0.0,macOS,26.3.1,macOS,desktop,,2,8,true,true,true,false,0.005,true,287.77,0.52,0.061,0.066,0.074
0a30d498-d4c1-408f-bd4e-540fee885ae3,2026-05-01T10:49:13.060697+00:00,wasm,Brave,147.0.0.0,macOS,26.3.1,macOS,desktop,,2,8,true,true,true,false,0.005,true,168.49,0.517,0.059,0.067,0.07
d464e9e4-b905-4cf2-9751-5b4e2440cd88,2026-05-01T09:49:18.612522+00:00,wasm,Chrome,130,macOS,15.0,MacIntel,desktop,,4,8,true,false,true,false,0.1,true,500,12.5,1.2,2.1,3.4
61e6208c-bcf4-46d5-ada6-65f987c5acab,2026-05-01T09:46:30.840119+00:00,wasm,TestBrowser,1.0,Test,1.0,test,desktop,,4,8,true,false,true,false,0.1,true,500,10,1,2,3